experiment_name,timestamp,experiment_folder,fl_Federated Learning Parameters,fl_num-server-rounds,fl_fraction-train,fl_local-epochs,fl_lr,fl_batch-size,fl_num-clients,fl_random-seed,fl_Strategy & Optimization Parameters,fl_strategy,fl_proximal_mu,fl_warmup_rounds,fl_weight_decay,fl_early_stopping,fl_early_stop_patience,model_Model Architecture Parameters,model_seq_len,model_pred_len,model_patch_size,model_stride,model_d_model,model_hidden_size,model_kernel_size,model_llm_layers,model_lora_r,model_lora_alpha,model_lora_dropout,model_dropout,model_model,best_round,best_val_loss,best_val_mae,best_val_rmse,client_mae_std,worst_client_mae,best_client_mae,fairness_ratio,final_round,final_val_loss,final_val_mae,final_val_rmse,final_train_loss,avg_val_loss,avg_val_mae,avg_val_rmse,avg_train_loss,total_training_time_sec,total_training_time_min,avg_round_duration_sec,avg_client_train_duration_sec,max_client_train_duration_sec,avg_client_drift,max_client_drift,total_comm_mb,rounds_to_target,comm_to_target,total_round_duration_sec,start_timestamp,end_timestamp
20260316_074550,20260316_074550,experiments_20260316_074550,,15,1.0,3,0.001,32,5,2021.0,,fedavg,0.01,1,0.01,true,5,,336,60,16,16,768,32,3,4,8,16,0.0,0.15,gpt4ts_nonlinear,2.0,0.9103323017347588,0.7412014007568359,0.9539137244224548,0.02837284651428001,0.7602934837341309,0.6837072372436523,1.1120161412935075,7.0,1.0753917593386533,0.8035731077194214,1.0365772008895875,0.4018963762342021,0.9902473555666681,0.7712616443634034,0.9943100946290154,0.5949264308558829,7197.299009561539,119.9549834926923,1028.1850922107697,175.95915299824307,178.8147165775299,67.36701475313274,76.31309986692746,18470.526885986328,,,7197.295645475388,2026-03-16 07:46:00,2026-03-16 09:45:58
20260316_054618,20260316_054618,experiments_20260316_054618,,15,1.0,3,0.001,32,5,2021.0,,fedavg,0.01,1,0.01,true,5,,336,48,16,16,768,32,3,4,8,16,0.0,0.15,gpt4ts_nonlinear,2.0,0.8774718443377758,0.7233400702476501,0.9363804697990418,0.028931063192953993,0.7449601888656616,0.6655161380767822,1.1193720876828892,7.0,1.0374573963908522,0.7828473687171936,1.0177044510841369,0.3969799598265025,0.9606318170263475,0.7562002011707852,0.9789943984576635,0.5912970003637609,7152.404679298401,119.20674465497336,1021.771214553288,175.4702877998352,179.8139727115631,62.407837024073544,70.34762246784398,18416.383056640625,,,7152.398501873016,2026-03-16 05:46:30,2026-03-16 07:45:43
20260316_034800,20260316_034800,experiments_20260316_034800,,15,1.0,3,0.001,32,5,2021.0,,fedavg,0.01,1,0.01,true,5,,336,24,16,16,768,32,3,4,8,16,0.0,0.15,gpt4ts_nonlinear,2.0,0.7336290559144713,0.6518374085426331,0.8559821248054504,0.031234021896064706,0.7050896883010864,0.6155836582183838,1.1454002699515289,7.0,0.9071079252545112,0.7200417280197143,0.9517991542816162,0.3583629807430424,0.8027747015902812,0.6807276913097926,0.8947106003761292,0.5253459944918504,7079.266809225082,117.98778015375136,1011.3233762128012,175.00418317658563,176.28172039985657,51.97636033600185,57.27161023065356,18308.09539794922,,,7079.263633489609,2026-03-16 03:48:11,2026-03-16 05:46:11
20260316_005844,20260316_005844,experiments_20260316_005844,,15,1.0,3,0.001,32,5,2021.0,,fedavg,0.01,1,0.01,true,5,,336,12,16,16,768,32,3,4,8,16,0.0,0.15,gpt4ts_nonlinear,5.0,0.5328577717683285,0.5318114459514618,0.7263652443885803,0.055678360509168676,0.6380982995033264,0.4769583940505981,1.3378489768976238,10.0,0.6189680486132305,0.5718403816223144,0.7837646722793579,0.3430575716051365,0.5672883199097749,0.5519123393297194,0.7496002125740051,0.44635184196717537,10137.04793548584,168.950798924764,1013.7040488958359,176.28531597614293,179.98865842819214,44.501152871126024,49.15059828163092,26077.073669433594,,,10137.040488958359,2026-03-16 00:58:56,2026-03-16 03:47:53
20260315_233258,20260315_233258,experiments_20260315_233258,,15,1.0,2,0.001,32,5,2021.0,,fedavg,0.01,1,0.01,true,5,,336,60,16,16,768,32,3,4,8,16,0.0,0.15,gpt4ts_nonlinear,2.0,0.9002180378586754,0.7384546279907227,0.9485794067382812,0.028029303300940216,0.7639912962913513,0.68440181016922,1.116290583893185,7.0,1.1066393799677563,0.8100314855575561,1.0515318632125854,0.5183360209217875,0.9829068993651111,0.767224941934858,0.9902507679803031,0.7021181118746107,5127.417431592941,85.45695719321569,732.4877417428153,117.09290762628827,119.64909887313844,57.15615898012373,63.57321945785398,18470.526885986328,,,5127.414192199707,2026-03-15 23:33:10,2026-03-16 00:58:38
20260315_220558,20260315_220558,experiments_20260315_220558,,15,1.0,2,0.001,32,5,2021.0,,fedavg,0.01,1,0.01,true,5,,336,48,16,16,768,32,3,4,8,16,0.0,0.15,gpt4ts_nonlinear,2.0,0.8640345764621882,0.7175531506538391,0.92915757894516,0.02847034481178946,0.745274543762207,0.6633362770080566,1.1235244770928685,7.0,1.06552011523868,0.7963325381278992,1.0316574811935424,0.5001312717735286,0.9431941593047118,0.7475258026804242,0.9699298007147653,0.6804296310702067,5201.369394540787,86.68948990901312,743.0522560732705,119.58871763774326,123.72323489189148,52.32510006364874,58.21837053001554,18416.383056640625,,,5201.365792512894,2026-03-15 22:06:09,2026-03-15 23:32:51
20260315_202552,20260315_202552,experiments_20260315_202552,,15,1.0,2,0.001,32,5,2021.0,,fedavg,0.01,1,0.01,true,5,,336,24,16,16,768,32,3,4,8,16,0.0,0.15,gpt4ts_nonlinear,3.0,0.7248991860264358,0.6445595622062683,0.8506342053413392,0.03596438582498772,0.7066608667373657,0.6038486957550049,1.170261477262632,8.0,0.8809543798535854,0.709159791469574,0.9380417823791504,0.4386441271968603,0.7811275439450311,0.6694152966141701,0.8826002791523934,0.588206525820379,5986.911398410797,99.78185664017995,748.3633151054382,121.19286023974419,123.42081999778748,43.631767381602074,47.07237757474423,20923.53759765625,,,5986.906520843506,2026-03-15 20:26:04,2026-03-15 22:05:52
20260315_190448,20260315_190448,experiments_20260315_190448,,15,1.0,1,0.0001,512,5,2021.0,,fedavg,0.1,1,0.01,true,5,,336,72,8,4,768,128,5,6,8,16,0.0,0.15,gpt4ts_nonlinear,5.0,0.904380687850493,0.7392636060714721,0.9529911041259764,0.03295524303381919,0.7607989311218262,0.6737633943557739,1.1291781914766565,10.0,0.9155087261288256,0.7435901641845704,0.9589070796966552,0.8639826826510891,0.9182668760087755,0.7454502606391906,0.9602499926090239,0.8992021229638848,11621.37083864212,193.68951397736868,1162.1361412286758,179.37401484966279,180.7213299274445,2.4115375736674336,4.174576368288929,33282.427978515625,,,11621.361412286758,2026-03-15 19:05:00,2026-03-15 22:18:42
20260315_182137,20260315_182137,experiments_20260315_182137,,15,1.0,2,0.001,32,5,2021.0,,fedavg,0.01,1,0.01,true,5,,336,12,16,16,768,32,3,4,8,16,0.0,0.15,gpt4ts_nonlinear,5.0,0.519158324540813,0.5238641619682312,0.7164309978485107,0.05921155922973151,0.6401398181915283,0.471098244190216,1.358824461958848,10.0,0.5407631365691401,0.533430814743042,0.7317173957824707,0.4456926366227322,0.535612555185564,0.533924441933632,0.7278604149818421,0.4900910070111558,7434.265017271042,123.90441695451736,743.4256732225418,121.2157477235794,123.02257299423218,36.45897321578988,40.50714083427681,26077.073669433594,,,7434.256732225418,2026-03-15 18:21:51,2026-03-15 20:25:46
20260315_172004,20260315_172004,experiments_20260315_172004,,15,1.0,1,0.001,32,5,2021.0,,fedavg,0.01,1,0.01,true,5,,336,60,16,16,768,32,3,4,8,16,0.0,0.15,gpt4ts_nonlinear,3.0,0.8872729894648275,0.7297689318656921,0.9416770815849304,0.028902949745695794,0.7539850473403931,0.6740793585777283,1.1185404770905039,8.0,0.9940013016403562,0.7721761226654053,0.996712064743042,0.6939949906521267,0.915225737739328,0.7412868693470955,0.9562555119395256,0.8054060617884902,3673.663088798523,61.22771814664205,459.20727610588074,61.935665589571,63.18710422515869,42.61946883143281,45.90716214079008,21109.173583984375,,,3673.658208847046,2026-03-15 17:20:16,2026-03-15 18:21:30
20260315_161150,20260315_161150,experiments_20260315_161150,,15,1.0,1,0.001,32,5,2021.0,,fedavg,0.01,1,0.01,true,5,,336,48,16,16,768,32,3,4,8,16,0.0,0.15,gpt4ts_nonlinear,4.0,0.8540796858394091,0.7125809669494629,0.9237315893173218,0.02955801905638957,0.7459425926208496,0.659526526927948,1.1310274297766683,9.0,0.973628801738782,0.7580644965171814,0.9861082792282104,0.6595167798000158,0.8844863944478532,0.7239217903878954,0.939817906750573,0.7757995739621483,4076.306987285614,67.93844978809356,452.92230518658954,61.05151099099052,62.34478282928467,38.28700200064384,42.63958475695735,23678.206787109375,,,4076.300746679306,2026-03-15 16:12:01,2026-03-15 17:19:58
20260315_155146,20260315_155146,experiments_20260315_155146,,15,1.0,1,0.0001,512,5,2021.0,,fedavg,0.01,1,0.01,true,5,,336,72,8,4,768,128,5,6,8,16,0.0,0.15,gpt4ts_nonlinear,5.0,0.9037952927527604,0.7398783326148987,0.9526110410690308,0.03237494255711043,0.761069655418396,0.674987256526947,1.1275318875416611,10.0,0.92662321847898,0.7565102815628052,0.9645472764968872,0.8610908891565057,0.9169178259151952,0.7479211163520814,0.9594874835014343,0.8972612043606338,11562.56051683426,192.70934194723765,1156.2546375989914,179.30257911682128,180.6866059303284,2.524669277263443,4.151892990781002,33282.427978515625,,,11562.546375989914,2026-03-15 15:51:58,2026-03-15 19:04:41
20260315_150515,20260315_150515,experiments_20260315_150515,,15,1.0,1,0.001,32,5,2021.0,,fedavg,0.01,1,0.01,true,5,,336,24,16,16,768,32,3,4,8,16,0.0,0.15,gpt4ts_nonlinear,4.0,0.7125335285287411,0.6363441824913025,0.8431402683258057,0.03911043063739398,0.7079415917396545,0.6004039645195007,1.179108789373527,9.0,0.7361975116406587,0.6459418058395385,0.85728839635849,0.6266277240393424,0.7232047203882671,0.6421188155810039,0.8495593349138895,0.6757442250262181,3975.476129055023,66.25793548425038,441.7188956207699,60.47435484462315,62.68022704124451,31.430932802286943,34.29527010064986,23538.97979736328,,,3975.4700605869293,2026-03-15 15:05:27,2026-03-15 16:11:43
20260315_131504,20260315_131504,experiments_20260315_131504,,15,1.0,1,0.001,32,5,2021.0,,fedavg,0.01,1,0.01,true,5,,336,12,16,16,768,32,3,4,8,16,0.0,0.15,gpt4ts_nonlinear,12.0,0.5110093364444075,0.5175813674926758,0.7106321930885315,0.05971120999897666,0.6351789236068726,0.4641817212104797,1.3683841792616722,15.0,0.5131213953129651,0.5173020601272583,0.7117401719093323,0.4735648031287999,0.5238658409463903,0.5260342379411063,0.7195097136497498,0.502261201727565,6590.913713216782,109.84856188694636,439.3925673007965,60.82802483558655,63.46949005126953,25.6418871126416,29.125999808174285,39115.61050415039,,,6590.888509511948,2026-03-15 13:15:15,2026-03-15 15:05:07
20260315_123746,20260315_123746,experiments_20260315_123746,,15,1.0,1,0.0001,512,5,2021.0,,fedavg,0.001,1,0.01,true,5,,336,72,8,4,768,128,5,6,8,16,0.0,0.15,gpt4ts_nonlinear,5.0,0.9031961562456908,0.7387079715728759,0.9523367762565612,0.03307019490740365,0.7608374357223511,0.6711139678955078,1.133693339907974,10.0,0.9144467316291952,0.7435914635658264,0.9582863688468932,0.8628920067382115,0.9182749895254771,0.7465984964370727,0.9601948404312134,0.9031318381076219,11617.181434869766,193.6196905811628,1161.7170753002167,179.44133904933926,181.38493275642395,2.4050303708149987,4.700662116898922,33282.427978515625,,,11617.170753002167,2026-03-15 12:38:00,2026-03-15 15:51:38
20260312_025633,20260312_025633,experiments_20260312_025633,,15,1.0,1,0.001,32,5,2021.0,,fedavg,0.001,1,0.01,true,5,,336,72,16,16,768,16,5,6,8,16,0.0,0.15,gpt4ts_nonlinear,,,,,,,,,,,,,,,,,,,,,,,,,,,,,,
20260312_023612,20260312_023612,experiments_20260312_023612,,15,1.0,2,0.001,32,5,2021.0,,fedavg,0.01,1,0.01,true,5,,336,72,16,16,768,64,1,3,8,16,0.0,0.15,gpt4ts_nonlinear,2.0,0.9214928031528696,0.7471982002258301,0.959320330619812,0.028319952172280293,0.7681503891944885,0.690752387046814,1.1120488377587454,7.0,1.1261623954878133,0.8205920696258545,1.0600680232048034,0.4346728533957034,1.0318892741654098,0.7862861735480173,1.0139444436345781,0.635184753813871,4541.745737552643,75.69576229254405,648.8203905650547,100.57492534773691,102.627587556839,58.78200040198309,68.81347660650584,16612.32574462891,,,4541.742733955383,2026-03-12 02:36:23,2026-03-12 03:52:06
20260312_023141,20260312_023141,experiments_20260312_023141,,15,1.0,1,0.001,32,5,2021.0,,fedavg,0.01,1,0.01,true,5,,336,72,16,16,768,32,5,6,8,16,0.0,0.15,gpt4ts_nonlinear,3.0,0.9104452924991356,0.7410841941833496,0.9535297870635986,0.028128518319831847,0.7599852681159973,0.6855677366256714,1.1085487655189334,8.0,0.9850406498383072,0.7686249375343323,0.9917118310928345,0.7427248306051697,0.9310126405485413,0.7494181379675865,0.9641315966844559,0.8385844580846668,4905.176827430725,81.75294712384542,613.1463483572006,86.35347592234612,88.34197115898132,46.6953350852659,51.85182213155624,25557.30224609375,,,4905.170786857605,2026-03-12 02:31:53,2026-03-12 03:53:38
20260312_015542,20260312_015542,experiments_20260312_015542,,15,1.0,1,0.001,32,5,2021.0,,fedavg,0.001,1,0.01,true,5,,336,72,16,16,768,16,5,4,8,16,0.0,0.15,gpt4ts_nonlinear,3.0,0.9100401641779088,0.7400636076927185,0.9532828092575072,0.030397872464881757,0.7601767182350159,0.6792789101600647,1.1190936548521557,8.0,0.933616163569338,0.7463096380233765,0.9653868556022644,0.8287140641481645,0.9181185938818928,0.742139658331871,0.9574669972062111,0.8674363715068427,3633.779773235321,60.56299622058869,454.2218833565712,60.2560538649559,61.58789277076721,44.720075231221344,48.19974703952688,21167.37548828125,,,3633.7750668525696,2026-03-12 01:55:53,2026-03-12 02:56:27
20260312_012052,20260312_012052,experiments_20260312_012052,,15,1.0,1,0.001,32,5,2021.0,,fedavg,0.01,1,0.01,true,5,,336,72,16,16,768,32,5,4,8,16,0.0,0.15,gpt4ts_nonlinear,4.0,0.9094888308504048,0.739369523525238,0.9529620289802552,0.031563532453724535,0.7606948614120483,0.6772933602333069,1.1231394046887042,9.0,1.0192621169861624,0.7809382796287536,1.0086802124977112,0.702053583644691,0.937922898949751,0.7500037590662639,0.9675474789407519,0.824012546479288,4230.923698186874,70.51539496978124,470.1019648975796,62.53983233769735,63.67568373680115,44.464883375773454,49.10489633892692,23817.60955810547,,,4230.917684078217,2026-03-12 01:21:04,2026-03-12 02:31:35
20260312_011249,20260312_011249,experiments_20260312_011249,,15,1.0,1,0.001,32,5,2021.0,,fedavg,0.01,1,0.01,true,5,,336,72,16,16,768,64,5,6,8,16,0.0,0.15,gpt4ts_nonlinear,3.0,0.9139514256084666,0.7404559850692749,0.9553189754486084,0.029841361646701883,0.7625640630722046,0.6809408664703369,1.1198682596698333,8.0,1.0548129668972073,0.7911191582679749,1.025863814353943,0.6424425896407376,0.9530675253085792,0.7551175579428673,0.9751327693462373,0.7982308547590828,4984.369124174118,83.0728187362353,623.0454045236111,88.27741068005562,90.32900619506836,47.72409864527391,52.88167303576043,25564.96826171875,,,4984.363236188889,2026-03-12 01:13:00,2026-03-12 02:36:05
20260312_005803,20260312_005803,experiments_20260312_005803,,15,1.0,1,0.001,32,5,2021.0,,fedavg,0.001,1,0.01,true,5,,336,72,16,16,768,16,5,3,8,16,0.0,0.15,gpt4ts_nonlinear,4.0,0.9065592891679092,0.7374546527862549,0.9514237403869628,0.030899285146156585,0.7590972781181335,0.6764221787452698,1.122224110874398,9.0,0.939957106839208,0.751495623588562,0.968769645690918,0.818826398507802,0.9177194708507825,0.7424749082989164,0.9572607292069328,0.8667718075545174,3440.7461280822754,57.34576880137126,382.3045682642195,48.11448491414388,49.33321452140808,42.440926555407586,46.56589316902115,21346.119689941403,,,3440.7411143779755,2026-03-12 00:58:13,2026-03-12 01:55:35
20260312_002105,20260312_002105,experiments_20260312_002105,,15,1.0,1,0.001,32,5,2021.0,,fedavg,0.01,1,0.01,true,5,,336,72,16,16,768,32,5,3,8,16,0.0,0.15,gpt4ts_nonlinear,4.0,0.9107823758861596,0.7396756529808044,0.9536461114883424,0.03107928512325512,0.7620957493782043,0.6778247356414795,1.124325669019695,9.0,1.0550348380172951,0.7939347863197327,1.026283037662506,0.7010760775236513,0.9486935761417049,0.7550081173578899,0.9729728764957852,0.8234400847561774,3569.8667714595795,59.497779524326326,396.65130559603375,50.0012308438619,52.21540856361389,43.42225389278016,47.19717453370858,21350.43182373047,,,3569.8617503643036,2026-03-12 00:21:16,2026-03-12 01:20:46
20260312_000927,20260312_000927,experiments_20260312_000927,,15,1.0,1,0.001,32,5,2021.0,,fedavg,0.01,1,0.01,true,5,,336,72,16,16,768,64,5,4,8,16,0.0,0.15,gpt4ts_nonlinear,3.0,0.9086758254573626,0.7382116556167603,0.952543568611145,0.030309322666451345,0.7595616579055786,0.6774420738220215,1.1212200825086807,8.0,1.013146263967542,0.7792564034461975,1.005651593208313,0.641944025152473,0.944658049941282,0.7523710519075394,0.970982252061367,0.8001299580192364,3782.469896316528,63.04116493860881,472.808110922575,62.94983120560646,64.42458534240723,45.245970557019135,50.45699240580947,21178.87451171875,,,3782.4648873806,2026-03-12 00:09:39,2026-03-12 01:12:42
20260311_232224,20260311_232224,experiments_20260311_232224,,15,1.0,1,0.001,32,5,2021.0,,fedavg,0.01,1,0.01,true,5,,336,72,16,16,768,64,5,3,8,16,0.0,0.15,gpt4ts_nonlinear,2.0,0.9162484058106646,0.7449452877044678,0.9565568327903748,0.027945731975289215,0.7624317407608032,0.6888226866722107,1.1068621221583266,7.0,1.0405789907259098,0.7933870315551758,1.019408369064331,0.6638861954122061,0.9528299364825757,0.7581133535930089,0.9752074531146461,0.8055261945891294,2804.0858273506165,46.73476378917694,400.58327562468395,50.291926472527635,51.35237312316895,44.66615066156528,48.85612216137968,16612.59918212891,,,2804.0829293727875,2026-03-11 23:22:35,2026-03-12 00:09:20
20260311_231631,20260311_231631,experiments_20260311_231631,,15,1.0,1,0.001,32,5,2021.0,,fedavg,0.001,1,0.01,true,5,,336,72,16,16,768,16,3,6,8,16,0.0,0.15,gpt4ts_nonlinear,5.0,0.9077866058910594,0.7388043880462647,0.9520856857299804,0.03044722924476757,0.763069748878479,0.6792576909065247,1.1233877202922802,10.0,0.9596931564352092,0.757146418094635,0.97883220911026,0.7882927074217267,0.923373675009959,0.7453936970233918,0.9601854693889619,0.8542352808916801,6072.374123334885,101.20623538891476,607.2364652395248,85.82699983596801,87.42481398582458,45.65598530198041,50.42079807845612,31941.641235351562,,,6072.364652395248,2026-03-11 23:16:42,2026-03-12 00:57:55
20260311_225656,20260311_225656,experiments_20260311_225656,,15,1.0,1,0.001,32,5,2021.0,,fedavg,0.01,1,0.01,true,5,,336,72,16,16,768,32,3,6,8,16,0.0,0.15,gpt4ts_nonlinear,3.0,0.9117412158426116,0.7368321061134339,0.9540925860404968,0.03300558246963315,0.760413408279419,0.6700364351272583,1.134883669624616,8.0,1.0147520413153313,0.7817654609680176,1.0066500186920166,0.7246070491450448,0.9383739368926515,0.7496971517801285,0.9678145945072175,0.831179240386575,5025.851232290268,83.7641872048378,628.23066213727,88.74623997211455,91.14149379730225,47.22523280432204,51.72608696325395,25557.14599609375,,,5025.84529709816,2026-03-11 22:57:11,2026-03-12 00:20:58
20260311_220549,20260311_220549,experiments_20260311_220549,,15,1.0,1,0.001,32,5,2021.0,,fedavg,0.01,1,0.01,true,5,,336,72,16,16,768,64,3,6,8,16,0.0,0.15,gpt4ts_nonlinear,2.0,0.9111034388489584,0.7405303955078125,0.9538517475128174,0.029355123283149303,0.7600895762443542,0.6816816926002502,1.1150212547809815,7.0,1.0450464332208913,0.7913624405860901,1.021243155002594,0.6337653436748091,0.9518809746947109,0.7567379082952226,0.9745254857199532,0.7968302576503675,4574.78678894043,76.24644648234049,653.5402542863574,90.90894240651811,96.12374711036682,48.34663392962242,58.72401961367764,22369.210510253906,,,4574.781780004501,2026-03-11 22:06:01,2026-03-11 23:22:16
20260311_215656,20260311_215656,experiments_20260311_215656,,15,1.0,1,0.001,32,5,2021.0,,fedavg,0.001,1,0.01,true,5,,336,72,16,16,768,16,3,4,8,16,0.0,0.15,gpt4ts_nonlinear,4.0,0.907341928962399,0.7393014669418335,0.9518434882164002,0.03017405475442178,0.7595023512840271,0.6795504093170166,1.117654173804952,9.0,0.9467378262211296,0.7538429856300354,0.9723236560821532,0.8038367760998588,0.9192923265099525,0.7433853374587165,0.9580879569053651,0.8593645455900984,4756.31286740303,79.27188112338384,528.4781033727858,69.02567947705587,142.31507015228271,44.59877338002018,49.7064232591078,23813.121643066406,,,4756.302930355072,2026-03-11 21:57:08,2026-03-11 23:16:24
20260311_213955,20260311_213955,experiments_20260311_213955,,15,1.0,1,0.001,32,5,2021.0,,fedavg,0.01,1,0.01,true,5,,336,72,16,16,768,32,3,4,8,16,0.0,0.15,gpt4ts_nonlinear,3.0,0.9094289903255072,0.7397554278373718,0.9529389142990112,0.029601624340727075,0.7591612935066223,0.6805201768875122,1.1155603012078057,8.0,1.000881348129581,0.7758930683135986,0.9993788838386536,0.7132731214841648,0.9359408803698333,0.7502028986811637,0.9664694219827652,0.827597159511968,4600.649327039719,76.67748878399532,575.0805725455284,76.1317711353302,220.4886553287506,45.12079700994234,51.231327213794685,21171.05224609375,,,4600.644580364227,2026-03-11 21:40:07,2026-03-11 22:56:48
20260311_211658,20260311_211658,experiments_20260311_211658,,15,1.0,1,0.001,32,5,2021.0,,fedavg,0.01,1,0.01,true,5,,336,72,16,16,768,64,3,4,8,16,0.0,0.15,gpt4ts_nonlinear,1.0,0.9145633266410408,0.7407590031623841,0.9556413888931274,0.030511821326051874,0.7619355320930481,0.6794579029083252,1.1213874013852645,6.0,0.9830835587803056,0.7670855045318603,0.9905355215072632,0.7125007925575139,0.9343126875810763,0.7499045213063558,0.9657502055168153,0.8303952555412487,2910.9941217899323,48.51656869649887,485.1653544108073,63.92755590279898,66.29948902130127,44.66762038151838,50.74963927091461,15884.038696289062,,,2910.9921264648438,2026-03-11 21:17:10,2026-03-11 22:05:42
20260311_204950,20260311_204950,experiments_20260311_204950,,15,1.0,1,0.001,32,5,2021.0,,fedavg,0.001,1,0.01,true,5,,336,72,16,16,768,16,3,3,8,16,0.0,0.15,gpt4ts_nonlinear,5.0,0.9076126683704994,0.7370270848274231,0.9519588112831116,0.031332655107066384,0.7598031759262085,0.674233615398407,1.126913815291215,10.0,0.9609400472395562,0.7566345930099487,0.979541516304016,0.7899403340513668,0.9207323854048465,0.7426171803474426,0.9587966275215148,0.8557563514546341,4005.976785182953,66.76627975304922,400.59695448875425,50.4012898349762,53.03861498832703,42.31406921911882,46.1083014818255,23717.71545410156,,,4005.9695448875427,2026-03-11 20:50:03,2026-03-11 21:56:49
20260311_204550,20260311_204550,experiments_20260311_204550,,15,1.0,1,0.001,32,5,2021.0,,fedavg,0.01,1,0.01,true,5,,336,72,16,16,768,32,3,3,8,16,0.0,0.15,gpt4ts_nonlinear,3.0,0.912015929067836,0.7396273016929626,0.9542795181274414,0.03114023865864314,0.7603825926780701,0.6763318777084351,1.1242743654999936,8.0,1.0426875245465952,0.7861977815628052,1.0200130343437197,0.7159546484379599,0.9474414837228902,0.7536910951137543,0.9723573654890061,0.8295569307775418,3227.583268880844,53.79305448134741,403.44742208719254,50.83168866038322,52.92922258377075,43.82171908646313,47.14822430777517,18978.00537109375,,,3227.5793766975403,2026-03-11 20:46:00,2026-03-11 21:39:49
20260311_202923,20260311_202923,experiments_20260311_202923,,15,1.0,1,0.001,32,5,2021.0,,fedavg,0.01,1,0.01,true,5,,336,72,16,16,768,64,3,3,8,16,0.0,0.15,gpt4ts_nonlinear,2.0,0.9148548667518532,0.7428663611412049,0.9558351516723632,0.028750996339467916,0.7620604634284973,0.684991180896759,1.1125113500451826,7.0,1.0741089288487151,0.8019398093223572,1.035482358932495,0.6077723865918014,0.971218726272092,0.764625803061894,0.9842843174934387,0.7803610747528423,2835.786141872406,47.2631023645401,405.11186470304216,50.846220513752534,52.73375129699707,44.88910657925379,49.745622525910406,16612.46246337891,,,2835.783052921295,2026-03-11 20:29:35,2026-03-11 21:16:51
20260311_192407,20260311_192407,experiments_20260311_192407,,15,1.0,1,0.001,32,5,2021.0,,fedavg,0.001,1,0.01,true,5,,336,72,16,16,768,16,1,6,8,16,0.0,0.15,gpt4ts_nonlinear,3.0,0.9086526212552014,0.7378437399864197,0.952533745765686,0.0307953710678992,0.759653627872467,0.6761400103569031,1.1235152723346176,8.0,0.9445069448421982,0.7528859853744507,0.970977532863617,0.8108068780272559,0.9204189461592365,0.7438593029975892,0.958635501563549,0.8631509614686522,5123.101611614227,85.38502686023712,640.3869109153748,90.54067924022675,92.1114785671234,46.390531638967985,50.41888452613448,25553.15673828125,,,5123.095287322998,2026-03-11 19:24:19,2026-03-11 20:49:43
20260311_192217,20260311_192217,experiments_20260311_192217,,15,1.0,1,0.001,32,5,2021.0,,fedavg,0.01,1,0.01,true,5,,336,72,16,16,768,32,1,6,8,16,0.0,0.15,gpt4ts_nonlinear,3.0,0.9102407858862596,0.741197144985199,0.9534285664558412,0.02972295199934944,0.7618728280067444,0.682387113571167,1.1164818515103565,8.0,1.0342431094962008,0.7870029211044312,1.0160693526268003,0.6973638242290867,0.9463616245007691,0.7549257338047027,0.9718626782298088,0.8180125634740508,4992.953611135483,83.21589351892472,624.1184577345848,87.12602941989898,89.23611259460449,47.298556052691026,51.38324465930558,25556.98974609375,,,4992.9476618766785,2026-03-11 19:22:29,2026-03-11 20:45:43
20260311_191408,20260311_191408,experiments_20260311_191408,,15,1.0,1,0.001,32,5,2021.0,,fedavg,0.01,1,0.01,true,5,,336,72,16,16,768,64,1,6,8,16,0.0,0.15,gpt4ts_nonlinear,2.0,0.9141001731490388,0.7428093552589417,0.9554157972335816,0.028677766073386325,0.7602092623710632,0.6839613318443298,1.1114798848658998,7.0,1.043942707882208,0.7887609004974365,1.0204689145088195,0.626253910408786,0.9602477821715238,0.7583240287644523,0.9787045325551714,0.7849831899361951,4494.205595970154,74.90342659950257,642.0287598541805,90.46405149868556,92.6903154850006,48.15719196128082,53.636879551500414,22369.073791503906,,,4494.201318979263,2026-03-11 19:14:20,2026-03-11 20:29:15
20260311_182053,20260311_182053,experiments_20260311_182053,,15,1.0,1,0.001,32,5,2021.0,,fedavg,0.001,1,0.01,true,5,,336,72,16,16,768,16,1,4,8,16,0.0,0.15,gpt4ts_nonlinear,3.0,0.907500191692044,0.7384177923202515,0.9519219875335694,0.031049093779361155,0.7582523822784424,0.6763031482696533,1.1211723384971062,8.0,0.9385563785118216,0.7505337834358216,0.9679822325706482,0.8132301913994935,0.9172325623957989,0.7420337617397309,0.9570068255066871,0.8644210948718346,3776.099622488022,62.934993708133696,472.01184299588203,62.44420685768128,66.26958274841309,44.49684528652904,49.26956975916818,21167.06298828125,,,3776.0947439670563,2026-03-11 18:21:04,2026-03-11 19:24:01
20260311_181647,20260311_181647,experiments_20260311_181647,,15,1.0,1,0.001,32,5,2021.0,,fedavg,0.01,1,0.01,true,5,,336,72,16,16,768,64,1,4,8,16,0.0,0.15,gpt4ts_nonlinear,2.0,0.9171719181397382,0.7441335678100586,0.9570361137390136,0.028244263520458588,0.7617021799087524,0.6867325901985168,1.1091685334004082,7.0,1.0406231787660545,0.7850437521934509,1.0190822958946228,0.638260861672461,0.9536366817790921,0.7555977293423243,0.9755152668271746,0.7932614610983937,3418.6176652908325,56.97696108818055,488.3734466688974,64.45756222179958,66.39224910736084,45.992591563252184,50.96426205158466,18531.241760253906,,,3418.6141266822815,2026-03-11 18:16:59,2026-03-11 19:13:58
20260311_181617,20260311_181617,experiments_20260311_181617,,15,1.0,1,0.001,32,5,2021.0,,fedavg,0.01,1,0.01,true,5,,336,72,16,16,768,32,1,4,8,16,0.0,0.15,gpt4ts_nonlinear,3.0,0.911678749273805,0.7401297807693481,0.9541343092918396,0.029735112244513823,0.7579851150512695,0.6793962717056274,1.1156745284285186,8.0,1.037851638737847,0.790326964855194,1.0178096890449524,0.7094718411184286,0.9467813525278779,0.7553840100765228,0.971982592344284,0.8281668366607708,3940.3287436962128,65.67214572827021,492.5404959022999,64.89335876703262,66.54432606697083,44.389594085109486,48.97338837598375,21170.89599609375,,,3940.323967218399,2026-03-11 18:16:29,2026-03-11 19:22:10
20260311_172118,20260311_172118,experiments_20260311_172118,,15,1.0,1,0.001,32,5,2021.0,,fedavg,0.01,1,0.01,true,5,,336,72,16,16,768,64,1,3,8,16,0.0,0.15,gpt4ts_nonlinear,3.0,0.9114356859168586,0.7393668413162231,0.9540103077888488,0.030858496662521846,0.7609708309173584,0.6788386702537537,1.1209892191806092,8.0,1.143968011221465,0.8260010242462158,1.0684841752052308,0.5938269184681998,0.9840559785898557,0.7671265318989754,0.990352874994278,0.7766443975103308,3309.2342579364777,55.15390429894129,413.65366849303246,51.64198558926582,53.81806254386902,43.93577228648569,49.39795610773897,18985.515136718754,,,3309.2293479442596,2026-03-11 17:21:32,2026-03-11 18:16:41
20260311_172059,20260311_172059,experiments_20260311_172059,,15,1.0,1,0.001,32,5,2021.0,,fedavg,0.01,1,0.01,true,5,,336,72,16,16,768,32,1,3,8,16,0.0,0.15,gpt4ts_nonlinear,3.0,0.9104784598631016,0.7417719483375549,0.953471839427948,0.02940994833680145,0.7612899541854858,0.6828926205635071,1.1148018462365095,8.0,1.0572388377189637,0.79189692735672,1.026805591583252,0.6993930715937368,0.9508568574308472,0.7557670250535011,0.9738790675997734,0.8236949850939044,3297.918366909027,54.965306115150455,412.23931178450584,51.93610566258431,53.33990859985352,43.94497166316878,47.7556167142444,18977.84912109375,,,3297.9144942760468,2026-03-11 17:21:12,2026-03-11 18:16:10
20260311_172019,20260311_172019,experiments_20260311_172019,,15,1.0,1,0.001,32,5,2021.0,,fedavg,0.001,1,0.01,true,5,,336,72,16,16,768,16,1,3,8,16,0.0,0.15,gpt4ts_nonlinear,4.0,0.9084469470732351,0.7376516819000244,0.952496349811554,0.031467260002252834,0.7617108225822449,0.6755203604698181,1.1275912128725212,9.0,0.9738883895207854,0.7626392364501953,0.9860007643699646,0.7941073771315798,0.9284444215548974,0.7458448529243469,0.9628157946798537,0.8576376707177373,3613.480748176575,60.22467913627624,401.4972851011488,50.52813864284091,54.47083783149719,42.74243310559316,46.52372881712207,21345.768127441403,,,3613.4755659103394,2026-03-11 17:20:33,2026-03-11 18:20:47
20260309_101159,20260309_101159,experiments_20260309_101159,,15,1.0,1,0.001,32,5,2021.0,,fedprox,0.01,1,0.01,true,5,,336,432,16,16,768,16,3,4,8,16,0.0,0.15,llama_nonlinear,10.0,0.8472583259532354,0.7039594173431396,0.9187238812446594,0.04764104074299952,0.7704322934150696,0.6451042890548706,1.1942755713867823,15.0,,,,,0.8665039980085941,0.7155965554714203,0.9289884424209595,0.8073316134213393,11284.324896335602,188.07208160559333,752.2874589443206,128.49549322995273,151.79031085968018,3.5250317572469716,5.664770266010863,39851.33972167969,,,11284.31188416481,2026-03-09 10:12:11,2026-03-09 13:20:16
20260309_100425,20260309_100425,experiments_20260309_100425,,15,1.0,1,0.001,32,5,2021.0,,fedper,0.01,1,0.01,true,5,,336,72,16,16,768,16,3,4,8,16,0.0,0.15,gpt4ts_nonlinear,5.0,0.5097772043997231,0.5446028590202332,0.7128687143325806,0.035409216007312797,0.5928025245666504,0.4878877699375152,1.2150387058125516,10.0,0.5312637472110799,0.5531742453575135,0.7271324157714844,0.4495461824500872,0.5179411674236467,0.5489753901958465,0.718454006910324,0.4764546879832688,7723.540244102478,128.7256707350413,772.3532068729401,114.50715054512023,134.95437788963318,28.936207403513244,31.913702011873927,26459.024047851562,,,7723.532068729401,2026-03-09 10:04:37,2026-03-09 12:13:21
20260309_071005,20260309_071005,experiments_20260309_071005,,15,1.0,1,0.001,32,5,2021.0,,fedper,0.01,1,0.01,true,5,,336,72,16,16,768,16,3,4,8,16,0.0,0.15,llama_nonlinear,9.0,0.5115627295427478,0.5457393765449524,0.7141047477722168,0.035275437834958,0.5936776399612427,0.4893011748790741,1.2133174217453375,14.0,0.5147240689046534,0.547160542011261,0.7163331270217895,0.4660631342355841,0.5159031743605169,0.548306405544281,0.7172195289816174,0.4833910160103048,8887.127859830856,148.1187976638476,634.7938115937369,91.14466661385129,107.89930152893066,5.345618752517757,7.240478234188652,33945.95397949218,,,8887.113362312317,2026-03-09 07:10:17,2026-03-09 09:38:24
20260309_070244,20260309_070244,experiments_20260309_070244,,15,1.0,1,0.001,32,5,2021.0,,fedper,0.01,1,0.01,true,5,,336,1,16,16,768,16,3,4,8,16,0.0,0.15,gpt4ts_nonlinear,11.0,0.0804933401482309,0.2069829881191253,0.2808537304401398,0.040727111202649866,0.2605553865432739,0.1546967476606369,1.6842977663296608,15.0,0.0805988366952173,0.2080940663814544,0.2810572475194931,0.0820133401419072,0.08361144754722465,0.2124240903059641,0.2862130266427994,0.08596004146268274,10881.285463094711,181.3547577182452,725.4161702473958,114.23438268979389,135.61441349983215,24.49765930442084,28.707572215361218,39002.069664001465,1.0,2600.1379776000977,10881.242553710938,2026-03-09 07:02:56,2026-03-09 10:04:18
20260309_053246,20260309_053246,experiments_20260309_053246,,15,1.0,1,0.001,32,5,2021.0,,fedper,0.01,1,0.01,true,5,,336,1,16,16,768,16,3,4,8,16,0.0,0.15,llama_nonlinear,5.0,0.0848988576046665,0.2162686139345169,0.2890334069728851,0.03661493862724744,0.2637601792812347,0.1684257984161377,1.5660319366843656,10.0,0.0936229518879622,0.2317705512046814,0.3040117859840393,0.0805387119259761,0.09184457667275188,0.22787930160760878,0.30091400980949395,0.08923550119091167,5820.314546346664,97.00524243911109,582.0304795742035,89.53571340560913,105.69014143943788,3.758093477132089,5.170131241634218,23789.465713500977,1.0,2378.9465713500977,5820.304795742035,2026-03-09 05:32:57,2026-03-09 07:09:58
20260309_045206,20260309_045206,experiments_20260309_045206,,15,1.0,1,0.001,32,5,2021.0,,fedln,0.01,1,0.01,true,5,,336,72,16,16,768,16,3,4,8,16,0.0,0.15,gpt4ts_nonlinear,5.0,0.5094737257304678,0.5442309141159057,0.712563407421112,0.035772625063699236,0.5948417782783508,0.4884786307811737,1.2177437062642464,10.0,0.5314371134429894,0.5548876404762269,0.7273891925811767,0.4483709203686442,0.5186815063515616,0.5496983432769775,0.7188997554779052,0.4746957172720849,7818.107615947723,130.30179359912873,781.8099670171738,115.994503736496,137.20109939575195,29.368354825107936,32.79837023472727,26459.024047851562,,,7818.099670171738,2026-03-09 04:52:18,2026-03-09 07:02:36
20260309_031223,20260309_031223,experiments_20260309_031223,,15,1.0,1,0.001,32,5,2021.0,,fedln,0.01,1,0.01,true,5,,336,72,16,16,768,16,3,4,8,16,0.0,0.15,llama_nonlinear,8.0,0.5124773201241534,0.5468361258506775,0.7147714614868164,0.03543000833746606,0.5944310426712036,0.4893409311771393,1.2147584736908554,13.0,0.5161337532208746,0.5473429799079895,0.7173264026641846,0.4667051652830618,0.5182918059283004,0.5504942187896142,0.7188980065859281,0.48275117010171303,8403.993456363678,140.0665576060613,646.4594452564533,92.48079978869511,109.77660536766052,5.322986627361051,6.929806178887284,31521.242980957028,,,8403.972788333893,2026-03-09 03:12:35,2026-03-09 05:32:39
20260309_014611,20260309_014611,experiments_20260309_014611,,15,1.0,1,0.001,32,5,2021.0,,fedln,0.01,1,0.01,true,5,,336,1,16,16,768,16,3,4,8,16,0.0,0.15,gpt4ts_nonlinear,11.0,0.0806188116923726,0.2075461685657501,0.2810520619153976,0.040965688607310854,0.2612889409065246,0.1546798944473266,1.6892236824967692,15.0,0.0807081401292352,0.2080171376466751,0.2813004195690155,0.0822634951097072,0.0840552706508734,0.21359448293844852,0.2870290203889211,0.08561455488053847,11133.93742632866,185.5656237721443,742.2602627754211,117.35689352671304,141.6803629398346,24.58752625843067,28.38147602555972,39002.069664001465,1.0,2600.1379776000977,11133.903941631317,2026-03-09 01:46:23,2026-03-09 04:51:58
20260309_014258,20260309_014258,experiments_20260309_014258,,15,1.0,1,0.001,32,5,2021.0,,fedln,0.01,1,0.01,true,5,,336,1,16,16,768,16,3,4,8,16,0.0,0.15,llama_nonlinear,4.0,0.0845349474994073,0.2143808513879776,0.2882545232772827,0.03717539419707708,0.263096809387207,0.1663000434637069,1.582060977901217,9.0,0.0885945538054541,0.2233832567930221,0.2954462230205535,0.0807094533434501,0.09147730351552581,0.22727357645829516,0.29981287982728744,0.09040652250148012,5347.857206106186,89.1309534351031,594.2059131728279,91.6320504983266,113.26700496673584,3.8376369442409577,5.159779898414159,21410.51914215088,1.0,2378.9465713500977,5347.85321855545,2026-03-09 01:43:09,2026-03-09 03:12:17
20260309_011810,20260309_011810,experiments_20260309_011810,,15,1.0,1,0.001,32,5,2021.0,,fedprox,0.01,1,0.01,true,5,,336,1,16,16,768,16,3,4,8,16,0.0,0.15,bart_nonlinear,13.0,0.0819918607216417,0.2083716005086898,0.283516252040863,0.042075058253641065,0.2639531791210174,0.1539419293403625,1.7146282384016525,15.0,0.082131373132036,0.2097777485847473,0.2840652853250504,0.0867772596315389,0.151669267779044,0.27077667971452074,0.3567334169149399,0.10655346587456278,23615.94686961174,393.599114493529,1574.3905438741049,280.5475608221689,341.42765641212463,1.893814839646258,16.868477426210184,116663.10482025146,3.0,23332.620964050293,23615.858158111572,2026-03-09 01:18:23,2026-03-09 07:52:01
20260308_201612,20260308_201612,experiments_20260308_201612,,15,1.0,1,0.001,32,5,2021.0,,fedavg,0.01,1,0.01,true,5,,336,72,16,16,768,16,3,4,8,16,0.0,0.15,gpt4ts_nonlinear,5.0,0.508267845318936,0.5439535260200501,0.711800467967987,0.03532257810715074,0.5936253666877747,0.4889590740203857,1.2140594136167422,10.0,0.5315492090653657,0.5538227081298828,0.727424144744873,0.4446838457231727,0.5186223516262116,0.5496182978153229,0.7188911139965057,0.47235482828548403,8005.96390414238,133.43273173570634,800.5956316709519,119.67086899280551,144.98847770690918,52.5633867661507,60.35526945588005,26459.024047851562,,,8005.956316709518,2026-03-08 20:16:25,2026-03-08 22:29:52
20260308_180502,20260308_180502,experiments_20260308_180502,,15,1.0,1,0.001,32,5,2021.0,,fedprox,0.01,1,0.01,true,5,,336,72,16,16,768,16,3,4,8,16,0.0,0.15,llama_nonlinear,5.0,0.5185005303607142,0.5515733361244202,0.7190640091896057,0.03402879707093246,0.5962733626365662,0.4966409504413605,1.2006125594489605,10.0,0.5224751956108511,0.5500599265098571,0.7217423677444458,0.5128790584077335,0.5489851644339016,0.5691783952713013,0.7392700469493866,0.5312742401483995,8513.393572330475,141.88989287217458,851.3386114597321,133.57245069026948,262.9846725463867,2.6475888051536076,5.006989390740323,24247.10998535156,,,8513.38611459732,2026-03-08 18:05:13,2026-03-08 20:27:07
20260308_144052,20260308_144052,experiments_20260308_144052,,15,1.0,1,0.001,32,5,2021.0,,fedprox,0.01,1,0.01,true,5,,336,1,16,16,768,16,3,4,8,16,0.0,0.15,bart_nonlinear,6.0,0.0814081806665966,0.2088062316179275,0.2826108068227768,0.040890950964798584,0.2625353336334228,0.1562373042106628,1.6803626698488916,11.0,0.0822517911510931,0.2084191173315048,0.28395956158638,0.0869102318955672,0.1263724529701437,0.24929138611663462,0.32720399011265144,0.10144115533831162,22782.971555233,379.7161925872167,2071.175291408192,353.9063090627844,846.8366279602051,1.717636421815378,18.325458195399428,85552.94353485107,2.0,15555.080642700195,22782.928205490112,2026-03-08 14:41:06,2026-03-08 21:00:50
20260308_144049,20260308_144049,experiments_20260308_144049,,15,1.0,1,0.001,32,5,2021.0,,fedavg,0.01,1,0.01,true,5,,336,1,16,16,768,16,3,4,8,16,0.0,0.15,gpt4ts_nonlinear,14.0,0.0803758236066768,0.2067420214414596,0.280627378821373,0.040813785765011885,0.2601889371871948,0.1539490818977356,1.6900973619318602,15.0,0.0805254340570132,0.2072489976882934,0.2808575451374054,0.0816084097532297,0.08571696117442645,0.21459952652454373,0.2889354844888051,0.08499391686648577,20102.990109443665,335.0498351573944,1340.1953625361125,212.82924017588294,441.2295677661896,26.149150808193777,31.71838774573317,39002.069664001465,1.0,2600.1379776000977,20102.930438041687,2026-03-08 14:41:01,2026-03-08 20:16:05
20260308_144046,20260308_144046,experiments_20260308_144046,,15,1.0,1,0.001,32,5,2021.0,,fedprox,0.01,1,0.01,true,5,,336,1,16,16,768,16,3,4,8,16,0.0,0.15,llama_nonlinear,2.0,0.0835002016183655,0.2131785631179809,0.2865836441516876,0.037980251087459366,0.263593465089798,0.1647313684225082,1.600141294363106,7.0,0.1107651988148113,0.2498635441064834,0.3311048567295074,0.1023119937207922,0.09363036539237676,0.22887273345674788,0.3034104457923344,0.11434409053441012,12235.61600446701,203.9269334077835,1747.9447832107544,288.1779631887163,357.70469975471497,1.371680525639851,2.320500592120232,16652.625999450684,1.0,2378.9465713500977,12235.61348247528,2026-03-08 14:40:58,2026-03-08 18:04:55
20260220_083742,20260220_083742,experiments_20260220_083742,,15,1.0,1,0.001,32,5,2021.0,,fedavg,0.01,1,0.01,true,5,,336,432,16,16,768,16,3,4,8,16,0.0,0.15,bart_nonlinear,3.0,0.8446259467845014,0.7002525806427002,0.9174378037452696,0.048274663981154875,0.7682226300239563,0.6444464325904846,1.19206592072506,8.0,0.8688946631156889,0.7112763524055481,0.9302124381065368,0.7168679845698283,0.8680448065051929,0.7131874874234199,0.9296147912740707,0.748996141165946,12678.199635505676,211.30332725842797,1584.7720035016537,197.63825786709785,268.85713148117065,100.81098587798041,125.98630835099284,64442.7978515625,,,12678.17602801323,2026-02-20 08:37:56,2026-02-20 12:09:16
20260220_035233,20260220_035233,experiments_20260220_035233,,15,1.0,1,0.001,32,5,2021.0,,fedavg,0.01,1,0.01,true,5,,336,72,16,16,768,16,3,4,8,16,0.0,0.15,bart_nonlinear,5.0,0.5091263153712933,0.5427361965179444,0.7122498512268066,0.037121474624396945,0.5967480540275574,0.4867693781852722,1.2259358964861293,10.0,0.5147988024400505,0.5448289275169372,0.7162412524223327,0.4639219864778825,0.5324803272808505,0.5564478480815886,0.727529740333557,0.486910217878825,17075.41834115982,284.590305685997,1707.5394433021545,150.8971172618866,199.2787058353424,46.803823173042154,54.37982606076712,78233.04748535156,,,17075.394433021545,2026-02-20 03:52:49,2026-02-20 08:37:33
20260220_034705,20260220_034705,experiments_20260220_034705,,15,1.0,1,0.0001,32,5,2021.0,,fedprox,0.01,1,0.01,true,5,,336,432,16,16,768,16,3,4,8,16,0.0,0.15,gpt4ts_nonlinear,11.0,0.8404047431735184,0.7001721501350403,0.9151710271835328,0.04809467775575742,0.766261100769043,0.6429778933525085,1.191737863293762,15.0,0.8404460722041336,0.7009017825126648,0.9151376485824584,0.7492732883619789,0.8436476879521465,0.7022167245546976,0.9168820985158287,0.7574748721280266,28400.246965408325,473.3374494234721,1893.3476744174957,198.00147740999856,277.3765335083008,1.3721667701758977,2.5381187821013294,43169.21081542969,,,28400.215116262436,2026-02-20 03:47:19,2026-02-20 11:40:43
20260219_225336,20260219_225336,experiments_20260219_225336,,15,1.0,1,0.001,32,5,2021.0,,fedavg,0.01,1,0.01,true,5,,336,1,16,16,768,16,3,4,8,16,0.0,0.15,llama_nonlinear,,,,,,,,,,,,,,,,,,,,,,,,,,,,,,
20260219_205950,20260219_205950,experiments_20260219_205950,,15,1.0,1,0.0001,32,5,2021.0,,fedprox,0.01,1,0.01,true,5,,336,432,16,16,768,16,3,4,8,16,0.0,0.15,gpt4ts_nonlinear,,,,,,,,,,,,,,,,,,,,,,,,,,,,,,
20260219_141620,20260219_141620,experiments_20260219_141620,,15,1.0,1,0.0001,32,5,2021.0,,fedprox,0.01,1,0.01,true,5,,336,72,16,16,768,16,3,4,8,16,0.0,0.15,gpt4ts_nonlinear,11.0,0.5080462365655395,0.5426350355148315,0.7114773750305176,0.03600407941760087,0.594667911529541,0.4887244999408722,1.2167753235237568,15.0,0.5081856805720479,0.5432703614234924,0.7115693926811218,0.4806932497050343,0.5099047500537678,0.5437286965052286,0.7127544673283895,0.4868391744122301,24188.55961585045,403.1426602641741,1612.5678580284118,252.24675042470295,381.9664137363434,1.1242186760868935,2.22201128612043,39688.536071777344,,,24188.517870426178,2026-02-19 14:16:34,2026-02-19 20:59:43
20260219_131712,20260219_131712,experiments_20260219_131712,,15,1.0,1,0.0005,32,5,2021.0,,fedavg,0.01,1,0.01,true,5,,336,432,16,16,768,16,3,4,8,16,0.0,0.15,bert_nonlinear,2.0,0.8426697612536037,0.7035323262214661,0.916258668899536,0.049691507791246065,0.7743580937385559,0.6424763202667236,1.205271026046659,7.0,0.8948443565715323,0.722797179222107,0.94413560628891,0.5844192007070831,0.8711203246295066,0.7141157286507742,0.9314364331109183,0.6737867025424256,10436.75689983368,173.94594833056132,1490.9646533216749,133.3898660182953,205.67053079605105,63.32307073327138,73.5339334367342,34425.016479492195,,,10436.752573251724,2026-02-19 13:17:25,2026-02-19 16:11:23
20260219_121703,20260219_121703,experiments_20260219_121703,,15,1.0,1,0.001,32,5,2021.0,,fedavg,0.01,1,0.01,true,5,,336,432,16,16,768,16,3,4,8,16,0.0,0.15,llama_nonlinear,4.0,0.8478025233427979,0.7055861711502075,0.918989610671997,0.048599902393357604,0.7735514044761658,0.6453569531440735,1.1986411561966597,9.0,0.8597063150039235,0.7096561193466187,0.9253577828407288,0.7231063162470109,0.8555893645323742,0.709083436595069,0.9231188509199354,0.7496464768969173,11330.251494407654,188.83752490679424,1258.916391796536,118.40785948965284,248.2675175666809,111.11433382217831,137.27382016360298,23910.803833007812,,,11330.247526168823,2026-02-19 12:17:17,2026-02-19 15:26:17
20260219_110759,20260219_110759,experiments_20260219_110759,,15,1.0,1,0.0005,32,5,2021.0,,fedavg,0.01,1,0.01,true,5,,336,72,16,16,768,16,3,4,8,16,0.0,0.15,bert_nonlinear,3.0,0.5110727528757538,0.5433643341064454,0.7136053800582886,0.037658193717320876,0.5987142324447632,0.4864887297153473,1.23068469190454,8.0,0.5670897281648211,0.5707104086875916,0.7513343334197998,0.3675346536712158,0.5310725123323438,0.5543095409870149,0.7272488102316856,0.4347611168066058,7728.382045984268,128.80636743307113,966.0461992621422,128.8425022780895,160.9547996520996,29.124662465720494,34.03307305744197,37486.51611328125,,,7728.369594097137,2026-02-19 11:08:14,2026-02-19 13:17:04
20260219_084208,20260219_084208,experiments_20260219_084208,,15,1.0,1,0.001,32,5,2021.0,,fedavg,0.01,1,0.01,true,5,,336,72,16,16,768,16,3,4,8,16,0.0,0.15,llama_nonlinear,7.0,0.5124548824948711,0.5457421779632569,0.7147812843322754,0.03431814801662049,0.5931785702705383,0.4915420114994049,1.2067708484593214,12.0,0.5247802625306132,0.5516986727714539,0.7234781146049499,0.46491215756575,0.5171771438386322,0.5487103561560313,0.7181423604488373,0.48234516611891665,12874.374287843704,214.57290479739507,1072.8635790149372,147.93334879080453,259.1405739784241,43.00537009957506,49.353943427323465,29096.53198242187,,,12874.362948179245,2026-02-19 08:42:21,2026-02-19 12:16:56
20260218_051926,20260218_051926,experiments_20260218_051926,,15,1.0,2,0.001,32,5,2021.0,,statavg,0.01,1,0.01,true,5,,336,432,16,16,768,16,3,4,8,16,0.0,0.15,bart_nonlinear,2.0,1.0111017501008683,0.7889976143836975,1.0048140287399292,0.03467893418398296,0.8295407891273499,0.7263427972793579,1.1420789085188672,7.0,1.1167924294509173,0.8269133806228638,1.0558618664741517,0.7368359101787914,1.0648647649091552,0.8094727873802184,1.0310214264052255,0.8635002904914352,6697.031110286713,111.6171851714452,956.717301607132,121.72971841267177,135.62736177444458,113.92374774973,138.02965207331593,56387.44812011719,,,6697.021111249924,2026-02-18 05:19:43,2026-02-18 07:11:27
20260218_043423,20260218_043423,experiments_20260218_043423,,15,1.0,1,0.001,32,5,2021.0,,statavg,0.01,1,0.01,true,5,,336,432,16,16,768,16,3,4,8,16,0.0,0.15,bert_nonlinear,3.0,1.004764889590982,0.7864386916160584,1.001653504371643,0.0343188405325273,0.8272267580032349,0.7249912023544312,1.1410162707034108,8.0,1.1168059511029202,0.8266310453414917,1.0558889627456665,0.6599803303558174,1.0481861261326983,0.8031480252742766,1.0228667661547661,0.8536603209156638,5227.598635673523,87.12664392789205,653.4490930736065,63.08256137371063,68.95878982543945,81.84786962801552,103.85484550528464,39342.87597656251,,,5227.592744588852,2026-02-18 04:34:43,2026-02-18 06:01:53
20260218_031951,20260218_031951,experiments_20260218_031951,,15,1.0,2,0.001,32,5,2021.0,,statavg,0.01,1,0.01,true,5,,336,72,16,16,768,16,3,4,8,16,0.0,0.15,bart_nonlinear,3.0,0.9140647806104492,0.7406813144683838,0.9553810358047484,0.031275875962769574,0.7636982202529907,0.6805793642997742,1.1221295565414842,8.0,1.0042838207307985,0.772586178779602,1.0011063814163208,0.7322600893045385,0.9588278548890614,0.7594978973269463,0.97822275608778,0.8265112987734811,7143.940140247345,119.0656690041224,892.9893725514412,128.21766533255578,138.88052225112915,53.23993747271237,60.70305285736026,62586.43798828125,,,7143.9149804115295,2026-02-18 03:20:11,2026-02-18 05:19:17
20260218_025629,20260218_025629,experiments_20260218_025629,,15,1.0,1,0.001,32,5,2021.0,,statavg,0.01,1,0.01,true,5,,336,72,16,16,768,16,3,4,8,16,0.0,0.15,bert_nonlinear,5.0,0.9094261612576596,0.7379007697105407,0.9529092311859132,0.031895882763517104,0.7580879330635071,0.6738073825836182,1.125081073105384,10.0,0.9638716877137912,0.7573395133018493,0.9809080243110656,0.7650376367913458,0.9261803613638178,0.7450979328155517,0.961630675792694,0.8559942904149773,5826.679895401001,97.11133159001668,582.6626345872879,64.3338132429123,73.755699634552,38.060878285175065,47.29013576284003,46858.14514160156,,,5826.626345872879,2026-02-18 02:57:07,2026-02-18 04:34:16
20260218_003625,20260218_003625,experiments_20260218_003625,,15,1.0,2,0.0001,32,5,2021.0,,statavg,0.01,1,0.01,true,5,,336,72,16,16,768,16,3,4,8,16,0.0,0.15,gpt4ts_nonlinear,2.0,0.9069393931592212,0.7376209974288941,0.951580023765564,0.031459601027681076,0.7585006952285767,0.6748296022415161,1.123988474585493,7.0,1.010090146124363,0.7746331691741943,1.0042231202125549,0.8111721052913377,0.9417282348620792,0.7498647519520352,0.9695098314966474,0.8543647196681772,6149.7753529548645,102.49625588258108,878.5388713904789,135.54154916490828,147.3038306236267,9.514543741961816,12.552760459279868,18521.316833496094,,,6149.772099733353,2026-02-18 00:36:38,2026-02-18 02:19:09
20260218_003457,20260218_003457,experiments_20260218_003457,,15,1.0,2,0.001,32,5,2021.0,,statavg,0.01,1,0.01,true,5,,336,1,16,16,768,16,3,4,8,16,0.0,0.15,bart_nonlinear,5.0,0.0431622341386177,0.1424145475029945,0.2024506121873855,0.029474744318129145,0.1996135264635086,0.1185169443488121,1.6842614999929277,10.0,0.0460031375401834,0.1521906167268753,0.2102575659751892,0.039443430342931,0.08053429378686247,0.19484022095799441,0.263584189414978,0.05275389112481236,9862.40685725212,164.3734476208687,986.2357313394547,151.83285613536833,177.62841534614563,26.45813865288457,31.997415849115583,77775.40321350098,1.0,7777.540321350098,9862.357313394547,2026-02-18 00:35:16,2026-02-18 03:19:43
20260218_003428,20260218_003428,experiments_20260218_003428,,15,1.0,1,0.001,32,5,2021.0,,statavg,0.01,1,0.01,true,5,,336,1,16,16,768,16,3,4,8,16,0.0,0.15,bert_nonlinear,8.0,0.0338780793140803,0.1143224731087684,0.1762288704514503,0.03311747987592314,0.1770285218954086,0.0831012576818466,2.1302748819177055,13.0,0.0340947552815851,0.1141946792602539,0.1765694230794906,0.033776650682096,0.06291537888090061,0.15632538096262852,0.2233290101473148,0.06956173121854371,8477.393486976624,141.2898914496104,652.1040011002467,85.72294947917644,92.6138277053833,17.391687671205425,31.31560670083919,60320.65113067627,1.0,4640.050086975098,8477.352014303207,2026-02-18 00:35:03,2026-02-18 02:56:22
20260216_235232,20260216_235232,experiments_20260216_235232,,15,1.0,2,0.001,32,5,2021.0,,fedavg,0.01,1,0.01,true,5,,336,1,16,16,768,16,3,4,8,16,0.0,0.15,bart_nonlinear,4.0,0.0459214723283213,0.1504686325788498,0.2098561704158782,0.027481132590219743,0.2040034234523773,0.1274330019950866,1.600868066030831,9.0,0.048955950952207,0.161383318901062,0.2180400550365448,0.0383078144378197,0.08984830907705076,0.19823610848850673,0.2681834267245398,0.04829005919188714,8761.966924190521,146.03278206984203,973.5498061180115,146.57377685440912,185.4359917640686,25.803465082304772,29.084717627185448,69997.86289215088,1.0,7777.540321350098,8761.948255062103,2026-02-16 23:52:47,2026-02-17 02:18:51
20260216_235230,20260216_235230,experiments_20260216_235230,,15,1.0,1,0.001,32,5,2021.0,,fedavg,0.01,1,0.01,true,5,,336,1,16,16,768,16,3,4,8,16,0.0,0.15,llama_nonlinear,4.0,0.0484208427698938,0.1530211687088012,0.2165852755308151,0.024726633476663925,0.2015543282032013,0.1320470869541168,1.5263822387330408,9.0,0.0591702931487237,0.1772068530321121,0.2414265155792236,0.0371552257877108,0.06205536300102765,0.17808050910631812,0.24401631355285636,0.06621198183247937,5554.457001924515,92.57428336540858,617.1606053511301,80.90647645526464,95.33150672912598,6.912044346799833,8.651918016469327,21410.51914215088,1.0,2378.9465713500977,5554.4454481601715,2026-02-16 23:52:43,2026-02-17 01:25:18
20260212_032823,20260212_032823,experiments_20260212_032823,,10,1.0,2,0.0001,32,5,2021.0,,fedper,0.0,1,0.01,true,5,,336,72,16,16,768,16,3,4,8,16,0.0,0.15,bart_nonlinear,2.0,0.9187959756991444,0.7441584706306458,0.9577585458755492,0.03204343523686188,0.763782262802124,0.678556501865387,1.1255986210469533,7.0,1.038293983943322,0.7880558133125305,1.0177785515785218,0.6876915165708871,0.9956100461007165,0.7724120293344771,0.9963848863329205,0.7887802126565978,6267.015133857727,104.45025223096212,895.2864187104361,130.94768770081654,142.86442017555237,6.047258998052738,8.197532803543165,54763.133239746094,,,6267.004930973053,2026-02-12 03:28:36,2026-02-12 05:13:07
20260211_235801,20260211_235801,experiments_20260211_235801,,10,1.0,2,0.0001,32,5,2021.0,,fedprox,0.001,1,0.01,true,5,,336,72,16,16,768,16,3,4,8,16,0.0,0.15,bart_nonlinear,2.0,0.9148457643424764,0.7426349520683289,0.9557094693183898,0.03143809163774767,0.7632430791854858,0.6786579489707947,1.1246358793011517,7.0,1.0086757673551054,0.7760391235351562,1.0031381249427795,0.7255073985685745,0.9583611940989475,0.759028937135424,0.9778777309826443,0.8127344771070882,12598.383054494858,209.97305090824764,1799.7661647456032,313.47517842565264,349.83635783195496,5.586075607591565,5.890689382141411,54763.133239746094,,,12598.363153219223,2026-02-11 23:58:15,2026-02-12 03:28:15
20260211_221126,20260211_221126,experiments_20260211_221126,,10,1.0,2,0.0001,32,5,2021.0,,fedprox,0.01,1,0.01,true,5,,336,1,16,16,768,16,3,4,8,16,0.0,0.15,gpt4ts_nonlinear,9.0,0.0401470229226498,0.1333340480923652,0.1949488401412963,0.02916573134289404,0.1900440454483032,0.1080692484974861,1.7585395298897075,10.0,0.0413892092874635,0.1366472452878952,0.1982991248369217,0.0410885169792043,0.16167444764256944,0.21835275158286094,0.29473297804594034,0.05871406103934197,11027.079187870026,183.7846531311671,1102.7066209554673,189.95972640037536,203.5557174682617,0.7576206481886758,1.8176536040021705,26001.379776000977,2.0,5200.275955200195,11027.066209554672,2026-02-11 22:11:39,2026-02-12 01:15:27
20260211_221109,20260211_221109,experiments_20260211_221109,,10,1.0,2,0.0001,32,5,2021.0,,fedln,0.0,1,0.01,true,5,,336,72,16,16,768,16,3,4,8,16,0.0,0.15,bart_nonlinear,2.0,0.9154110057318912,0.7421892762184144,0.9560648679733276,0.031326617114221134,0.7653752565383911,0.6802183389663696,1.125190564108316,7.0,1.0247085943818093,0.7844673156738281,1.0112915635108948,0.7011715783852763,0.9913733645296897,0.771769666671753,0.9943711008344379,0.7964240634399387,6388.358510732651,106.47264184554416,912.6206013134548,135.67870259966168,142.0349519252777,6.021952951326652,8.82482503038945,54763.133239746094,,,6388.344209194183,2026-02-11 22:11:23,2026-02-11 23:57:53
20260211_221057,20260211_221057,experiments_20260211_221057,,10,1.0,1,0.0005,32,5,2021.0,,fedavg,0.0,1,0.01,true,5,,336,1,16,16,768,16,3,4,8,16,0.0,0.15,bert_nonlinear,10.0,0.0327183223212796,0.1116145253181457,0.1730765804648399,0.03331851059989278,0.1744163334369659,0.0804026424884796,2.169286083625385,10.0,0.0327183223212796,0.1116145253181457,0.1730765804648399,0.0324223128485488,0.03916265150795215,0.12550043419003482,0.18789208725094791,0.04169984297853776,5558.926179647446,92.64876966079076,555.8867350578308,68.30167815208435,72.58873057365417,9.381433448538283,11.056856503644624,46400.50086975098,1.0,4640.050086975098,5558.867350578308,2026-02-11 22:11:10,2026-02-11 23:43:52
20260211_121303,20260211_121303,experiments_20260211_121303,,10,1.0,2,0.0001,32,5,2021.0,,fedper,0.0,1,0.01,true,5,,336,72,16,16,768,16,3,4,8,16,0.0,0.15,llama_nonlinear,5.0,0.9123417849926388,0.7395642042160034,0.9544810771942138,0.031022124990192204,0.7636790871620178,0.6773686408996582,1.1274201978817988,10.0,0.9141813012116096,0.7402416110038758,0.955462121963501,0.8589721068529593,0.9165078955965884,0.7427029907703401,0.9566683089733126,0.8786737227809406,6763.636380434036,112.72727300723392,676.3629550218582,101.8030372095108,108.47001910209656,1.0921060557417845,1.9740927062256863,24247.10998535156,,,6763.629550218582,2026-02-11 12:13:15,2026-02-11 14:06:00
20260211_085445,20260211_085445,experiments_20260211_085445,,10,1.0,1,0.0005,32,5,2021.0,,fedln,0.0,1,0.01,true,5,,336,72,16,16,768,16,3,4,8,16,0.0,0.15,bert_nonlinear,2.0,0.9061479221372044,0.7375998616218566,0.9512061357498168,0.030817186777117252,0.7581521272659302,0.6762155294418335,1.1211693524573878,7.0,1.045372898722396,0.7882554531097412,1.0214224576950073,0.5594087396137496,0.9548706947923209,0.7564723781176975,0.9760681561061314,0.753877965778902,3925.329046726227,65.42215077877044,560.7606573445456,67.18858283587863,69.32016134262085,15.277207808946446,17.43434460250851,32800.701599121094,,,3925.3246014118195,2026-02-11 08:54:59,2026-02-11 10:00:25
20260211_084917,20260211_084917,experiments_20260211_084917,,10,1.0,2,0.0001,32,5,2021.0,,fedprox,0.001,1,0.01,true,5,,336,72,16,16,768,16,3,4,8,16,0.0,0.15,llama_nonlinear,5.0,0.9149522913343766,0.7402590751647949,0.955780839920044,0.03264330236238934,0.7639775276184082,0.6737351417541504,1.1339434152555867,10.0,0.9184958092535244,0.7395724892616272,0.9576211452484132,0.8558704374047617,0.9198618951673018,0.7410176622867585,0.9583383929729463,0.8778820862707942,12205.515327692032,203.42525546153385,1220.5505593776702,208.41865364074707,235.16044998168945,3.895055177041737,4.63636417259385,24247.10998535156,,,12205.505593776703,2026-02-11 08:49:31,2026-02-11 12:12:57
20260211_084805,20260211_084805,experiments_20260211_084805,,10,1.0,2,0.0001,32,5,2021.0,,fedln,0.0,1,0.01,true,5,,336,72,16,16,768,16,3,4,8,16,0.0,0.15,gpt4ts_nonlinear,3.0,0.908639074833954,0.7374869108200073,0.9524856448173524,0.03246495173052426,0.7617381811141968,0.6727047562599182,1.1323514127494558,8.0,0.9963993128082332,0.7705981612205506,0.9972038745880129,0.8192233864217997,0.9361186255313018,0.7485574990510941,0.9666356891393661,0.8574745734486984,10731.732719898224,178.86221199830374,1341.4656517505646,225.00740248560908,235.0556535720825,6.0705956996771615,13.465244365446466,21167.21923828125,,,10731.725214004517,2026-02-11 08:48:19,2026-02-11 11:47:11
20260211_083211,20260211_083211,experiments_20260211_083211,,10,1.0,2,0.0001,32,5,2021.0,,scaffold,0.0,1,0.01,true,5,,336,72,16,16,768,16,3,4,8,16,0.0,0.15,llama_nonlinear,,,,,,,,,,,,,,,,,,,,,,,,,,,,,,
20260211_083031,20260211_083031,experiments_20260211_083031,,10,1.0,1,0.0005,32,5,2021.0,,scaffold,0.0,1,0.01,true,5,,336,72,16,16,768,16,3,4,8,16,0.0,0.15,bert_nonlinear,,,,,,,,,,,,,,,,,,,,,,,,,,,,,,
20260211_082916,20260211_082916,experiments_20260211_082916,,10,1.0,2,0.0001,32,5,2021.0,,scaffold,0.0,1,0.01,true,5,,336,72,16,16,768,16,3,4,8,16,0.0,0.15,gpt4ts_nonlinear,,,,,,,,,,,,,,,,,,,,,,,,,,,,,,
20260211_080415,20260211_080415,experiments_20260211_080415,,10,1.0,1,0.0005,32,5,2021.0,,fedln,0.0,1,0.01,true,5,,336,72,16,16,768,16,3,4,8,16,0.0,0.15,bert_nonlinear,,,,,,,,,,,,,,,,,,,,,,,,,,,,,,
20260211_075148,20260211_075148,experiments_20260211_075148,,10,1.0,1,0.0005,32,5,2021.0,,scaffold,0.0,1,0.01,true,5,,336,72,16,16,768,16,3,4,8,16,0.0,0.15,bert_nonlinear,,,,,,,,,,,,,,,,,,,,,,,,,,,,,,
20260211_055241,20260211_055241,experiments_20260211_055241,,10,1.0,2,0.0001,32,5,2021.0,,fedbn,0.0,1,0.01,true,5,,336,72,16,16,768,16,3,4,8,16,0.0,0.15,gpt4ts_nonlinear,,,,,,,,,,,,,,,,,,,,,,,,,,,,,,
20260211_053859,20260211_053859,experiments_20260211_053859,,10,1.0,2,0.0001,32,5,2021.0,,scaffold,0.0,1,0.01,true,5,,336,72,16,16,768,16,3,4,8,16,0.0,0.15,gpt4ts_nonlinear,,,,,,,,,,,,,,,,,,,,,,,,,,,,,,
20260211_052120,20260211_052120,experiments_20260211_052120,,10,1.0,2,0.0001,32,5,2021.0,,fedprox,0.001,1,0.01,true,5,,336,72,16,16,768,16,3,4,8,16,0.0,0.15,llama_nonlinear,,,,,,,,,,,,,,,,,,,,,,,,,,,,,,
20260211_030408,20260211_030408,experiments_20260211_030408,,10,1.0,1,0.0005,32,5,2021.0,,fedprox,0.001,1,0.01,true,5,,336,72,16,16,768,16,3,4,8,16,0.0,0.15,bert_nonlinear,4.0,0.9090566812227754,0.7393042564392089,0.9526802659034728,0.030457342667285364,0.7610122561454773,0.6793898344039917,1.1201407757493023,9.0,0.9989870082981446,0.7743594884872437,0.9985334277153016,0.6987296734125383,0.9375630118108652,0.7508206910557217,0.9673896299468147,0.8227360213974885,11073.18777871132,184.55312964518865,1230.3533578183915,191.94000560972427,208.1022160053253,7.859584735155021,9.80297417119831,42172.330627441406,,,11073.180220365524,2026-02-11 03:04:22,2026-02-11 06:08:56
20260211_013535,20260211_013535,experiments_20260211_013535,,10,1.0,2,0.0001,32,5,2021.0,,fedprox,0.01,1,0.01,true,5,,336,72,16,16,768,16,3,4,8,16,0.0,0.15,llama_nonlinear,5.0,0.9112886622828597,0.7394802927970886,0.95390704870224,0.03133603200698459,0.7630179524421692,0.6768786311149597,1.127259625828814,10.0,0.9134077791010632,0.7417190074920654,0.9549914121627808,0.8748483818194639,0.9163679530447022,0.742442865371704,0.9565650701522828,0.8915043209915383,13523.290416240692,225.38817360401157,1352.3285004377365,227.01817714214326,248.58053374290463,1.6133625956244884,2.4363741444460425,24247.10998535156,,,13523.285004377365,2026-02-11 01:35:49,2026-02-11 05:21:13
20260210_234442,20260210_234442,experiments_20260210_234442,,10,1.0,1,0.0005,32,5,2021.0,,fedprox,0.01,1,0.01,true,5,,336,72,16,16,768,16,3,4,8,16,0.0,0.15,bert_nonlinear,10.0,0.905452695064685,0.7372177362442016,0.950819218158722,0.03109290817867695,0.7577351331710815,0.6751000881195068,1.1224041390392272,10.0,0.905452695064685,0.7372177362442016,0.950819218158722,0.882133914147734,0.9127364354545581,0.7405971384048462,0.9546489167213439,0.8918342272999886,11943.85037612915,199.06417293548583,1194.383043694496,194.38994334220888,210.01431918144223,2.274119831183669,3.1766492703926934,46858.14514160156,,,11943.830436944962,2026-02-10 23:44:57,2026-02-11 03:04:01
20260210_223438,20260210_223438,experiments_20260210_223438,,10,1.0,2,0.0001,32,5,2021.0,,fedln,0.0,1,0.01,true,5,,336,72,16,16,768,16,3,4,8,16,0.0,0.15,llama_nonlinear,9.0,0.913640811513452,0.7411065101623535,0.9551518201828004,0.030196614284027822,0.7633856534957886,0.6817914247512817,1.1196762320298652,10.0,0.9163654140479424,0.7389804244041442,0.9565616846084596,0.8633195477858265,0.9172203467344534,0.7405990028381348,0.9569878506660462,0.8816080187274373,10836.82641172409,180.61377352873484,1083.6807606458665,172.92902789592742,203.71987318992612,1.0224397185364857,1.7442334804908814,24247.10998535156,,,10836.807606458664,2026-02-10 22:34:51,2026-02-11 01:35:28
20260210_221857,20260210_221857,experiments_20260210_221857,,10,1.0,1,0.0005,32,5,2021.0,,fedper,0.0,1,0.01,true,5,,336,72,16,16,768,16,3,4,8,16,0.0,0.15,bert_nonlinear,2.0,0.9106608749873498,0.7395432353019714,0.9535897016525268,0.030244944214598536,0.7584632635116577,0.6777975559234619,1.1190115055494605,7.0,1.012666717504754,0.7769873857498169,1.0052935361862183,0.5891531025369963,0.9527126519862844,0.7553868208612714,0.9751125829560416,0.7671073814028567,5118.03990983963,85.30066516399384,731.1479111398969,95.44071217264447,105.93453550338744,15.589497331539153,17.426324800155015,32800.701599121094,,,5118.035377979279,2026-02-10 22:19:11,2026-02-10 23:44:30
20260210_221810,20260210_221810,experiments_20260210_221810,,10,1.0,2,0.0001,32,5,2021.0,,scaffold,0.0,1,0.01,true,5,,336,72,16,16,768,16,3,4,8,16,0.0,0.15,llama_nonlinear,,,,,,,,,,,,,,,,,,,,,,,,,,,,,,
20260210_215800,20260210_215800,experiments_20260210_215800,,10,1.0,2,0.0001,32,5,2021.0,,fedper,0.0,1,0.01,true,5,,336,72,16,16,768,16,3,4,8,16,0.0,0.15,gpt4ts_nonlinear,2.0,0.9075322003434684,0.7380793452262878,0.9519091844558716,0.030608807645488526,0.7578000426292419,0.6763588786125183,1.1204111701524373,7.0,0.9832642082817415,0.7697496056556702,0.9908727765083312,0.819359836929668,0.9327482512983954,0.7482139979090009,0.965006695474897,0.8576308015707491,6406.96072602272,106.78267876704534,915.2792977946145,148.92491613796778,200.63524436950684,6.116919490884974,13.3777196593937,18521.316833496094,,,6406.955084562302,2026-02-10 21:58:14,2026-02-10 23:45:02
20260208_225052,20260208_225052,experiments_20260208_225052,,15,1.0,1,0.001,32,5,2021.0,,fedavg,0.01,3,0.01,true,5,,336,72,16,16,768,16,3,4,8,16,0.0,0.15,gpt4ts_nonlinear,4.0,0.9073975142205464,0.739043140411377,0.9519089460372924,0.029399337643247314,0.7606579661369324,0.6807392835617065,1.1173998394173494,9.0,0.9351604919223224,0.7483759164810181,0.966351854801178,0.8174752840481858,0.9154154885255434,0.7413586258888246,0.9560912662082249,0.866689570431276,4655.520407915115,77.59200679858526,517.2790285481346,69.65354326566062,73.1791934967041,41.13236419243891,48.25757333694743,23813.121643066406,,,4655.511256933212,2026-02-08 22:51:05,2026-02-09 00:08:41
20260208_214034,20260208_214034,experiments_20260208_214034,,15,1.0,1,0.0005,32,5,2021.0,,fedavg,0.01,3,0.01,true,5,,336,72,16,16,768,16,3,4,8,16,0.0,0.15,gpt4ts_nonlinear,3.0,0.9069904280006884,0.7384203672409058,0.9516651391983032,0.03015759353133559,0.7579325437545776,0.6782565116882324,1.1174718276836377,8.0,0.9516389072537424,0.7549112558364868,0.9747240662574768,0.8055060122923183,0.9205558385748197,0.7429714232683181,0.9587175965309143,0.8590599114136015,4200.247082471848,70.00411804119746,525.0302648544312,70.6385659813881,75.81591081619263,23.52318713365498,27.522924822047443,21167.21923828125,,,4200.242118835449,2026-02-08 21:40:47,2026-02-08 22:50:47
20260208_205822,20260208_205822,experiments_20260208_205822,,15,1.0,2,0.0003,32,5,2021.0,,fedavg,0.01,3,0.01,true,5,,336,72,16,16,768,16,3,4,8,16,0.0,0.15,gpt4ts_nonlinear,2.0,0.9079738557549084,0.7369732618331909,0.952138924598694,0.03221692347088094,0.7599314451217651,0.6726083755493164,1.1298275084682559,7.0,1.0729191479121938,0.8005287289619446,1.0348143339157103,0.6911760748739565,0.9641687783283347,0.7606800351824079,0.9807196123259408,0.8090326266962329,6061.449821233749,101.02416368722916,865.9208862440927,139.1833108901978,141.9000391960144,21.740414144380004,24.939482900186345,18521.316833496094,,,6061.446203708649,2026-02-08 20:58:35,2026-02-08 22:39:37
20260208_202049,20260208_202049,experiments_20260208_202049,,15,1.0,1,0.0003,32,5,2021.0,,fedavg,0.01,3,0.01,true,5,,336,72,16,16,768,16,3,4,8,16,0.0,0.15,gpt4ts_nonlinear,4.0,0.9065121590004248,0.7371876955032348,0.9514613628387452,0.030646264800422405,0.7616899609565735,0.6767768263816833,1.1254669652754947,9.0,0.9618063140020652,0.7569694995880127,0.9800194025039672,0.8187714278948324,0.9226714698919672,0.7436594552463955,0.9598232044114005,0.8638706848522695,4765.948417186737,79.43247361977895,529.547866238488,71.73175801701016,76.6751434803009,15.245772433995292,17.556024616286518,23813.121643066406,,,4765.930796146393,2026-02-08 20:21:02,2026-02-08 21:40:28
20260208_184844,20260208_184844,experiments_20260208_184844,,15,1.0,3,0.0001,32,5,2021.0,,fedavg,0.01,3,0.01,true,5,,336,72,16,16,768,16,3,4,8,16,0.0,0.15,gpt4ts_nonlinear,2.0,0.9091652471353026,0.7380898118019104,0.9527119994163512,0.031855161286313945,0.7586074471473694,0.6740323305130005,1.1254763500290845,7.0,1.0141472392923692,0.7790910005569458,1.0062187314033508,0.7719900607935897,0.9448064252764238,0.7539707643645149,0.9711023262568882,0.8429586764865665,8617.053866147995,143.61756443579992,1231.006719316755,212.3529054437365,216.68156027793884,10.727189057519675,12.04532682797856,18521.316833496094,,,8617.047035217285,2026-02-08 18:48:56,2026-02-08 21:12:33
20260208_184810,20260208_184810,experiments_20260208_184810,,15,1.0,2,0.0001,32,5,2021.0,,fedavg,0.01,3,0.01,true,5,,336,72,16,16,768,16,3,4,8,16,0.0,0.15,gpt4ts_nonlinear,4.0,0.9045246631047305,0.7356521248817444,0.9503434300422668,0.03240455137885425,0.7585583925247192,0.6720494031906128,1.1287241517117603,9.0,1.001233740361298,0.7704080581665039,0.9998817324638368,0.7971055486359664,0.9345826773084457,0.7472918642891778,0.9658906539281209,0.8535821817956616,7790.677139282227,129.8446189880371,865.6296347777048,139.88157493803237,142.4341003894806,8.953953913249974,10.29130160795108,23813.121643066406,,,7790.666712999344,2026-02-08 18:48:23,2026-02-08 20:58:14
20260208_184444,20260208_184444,experiments_20260208_184444,,15,1.0,1,0.0001,32,5,2021.0,,fedavg,0.01,3,0.01,true,5,,336,72,16,16,768,16,3,4,8,16,0.0,0.15,gpt4ts_nonlinear,6.0,0.9042413246456316,0.7368522405624389,0.9501980066299438,0.03094708339503751,0.7575321793556213,0.6751022934913635,1.122099845695921,11.0,0.9179331760266248,0.7421340823173523,0.9574074506759644,0.8547083304524021,0.9113049199083908,0.7393572081219066,0.9539144483479586,0.8769373785945173,5746.408534049988,95.7734755674998,522.3999360908161,70.89209799766542,74.33694386482239,6.130233322931146,7.856326019901078,29104.92645263672,,,5746.399296998978,2026-02-08 18:44:55,2026-02-08 20:20:42
20260207_170258,20260207_170258,experiments_20260207_170258,,10,1.0,2,0.001,32,5,,,fedprox,0.01,3,0.01,true,5,,336,72,4,1,768,16,3,2,8,16,0.0,0.15,bart_nonlinear,9.0,0.9011573390469833,0.7336560964584351,0.948508107662201,,,,,10.0,0.9020209221874969,0.7364397406578064,0.9489547610282898,1.0880990521221232,0.9122876257731635,0.739958838224411,0.9543775689601899,1.4835539562513511,26415.981591701508,440.2663598616918,2641.5687960863115,464.9954666233063,466.5945895671845,,,78871.95281982422,,,26415.687960863113,2026-02-07 17:03:13,2026-02-08 00:23:30
20260207_140045,20260207_140045,experiments_20260207_140045,,10,1.0,2,0.0005,32,5,,,fedprox,0.01,3,0.01,true,5,,336,72,4,1,768,16,3,2,8,16,0.0,0.15,bart_nonlinear,10.0,0.9012136981943074,0.7356386303901672,0.948575758934021,,,,,10.0,0.9012136981943074,0.7356386303901672,0.948575758934021,1.035005319116497,0.9171502160652596,0.744315084218979,0.9568270874023437,1.2813801361422146,26731.30941414833,445.52182356913886,2673.100127339363,471.16825598239905,472.4698112010956,,,78871.95281982422,,,26731.00127339363,2026-02-07 14:01:00,2026-02-07 21:26:33
20260207_095749,20260207_095749,experiments_20260207_095749,,10,1.0,2,0.0001,32,5,,,fedprox,0.01,3,0.01,true,5,,336,72,4,1,768,16,3,2,8,16,0.0,0.15,bart_nonlinear,5.0,0.9045043226199992,0.7368415236473084,0.9502346396446228,,,,,10.0,0.9077751394124592,0.7418582558631897,0.9520264029502868,0.9387832080875274,0.9158406873513671,0.7438108789920806,0.9561722362041474,1.0163228464613778,26597.82408833504,443.29706813891727,2659.760970592499,468.8926285839081,469.7674573421479,,,78871.95281982422,,,26597.609705924988,2026-02-07 09:58:03,2026-02-07 17:21:22
20260207_075421,20260207_075421,experiments_20260207_075421,,10,1.0,2,0.001,32,5,,,fedprox,0.01,3,0.01,true,5,,336,72,4,1,768,16,3,2,8,16,0.0,0.15,llama_nonlinear,7.0,0.9200408291255726,0.7455473661422729,0.9584049820899964,,,,,10.0,0.9983431968198102,0.7764601707458496,0.9983617186546324,1.030841229072902,73.70453771998042,3.4860636138916012,4.295272142887116,4.504077971127556,32896.234885931015,548.2705814321836,3289.620345568657,586.4194688892364,588.6659942626953,,,23626.83563232422,,,32896.20345568657,2026-02-07 07:54:33,2026-02-07 17:02:50
20260207_044454,20260207_044454,experiments_20260207_044454,,10,1.0,2,0.0005,32,5,,,fedprox,0.01,3,0.01,true,5,,336,72,4,1,768,16,3,2,8,16,0.0,0.15,llama_nonlinear,10.0,0.9070819887273452,0.7390094995498657,0.9516374230384826,,,,,10.0,0.9070819887273452,0.7390094995498657,0.9516374230384826,0.9358602471389276,1.4234045123738404,0.9040480756759643,1.154363580942154,1.4410501056213574,33328.4565114975,555.474275191625,3332.837284564972,594.4310027837754,595.177568435669,,,23626.83563232422,,,33328.37284564972,2026-02-07 04:45:07,2026-02-07 14:00:36
20260207_004424,20260207_004424,experiments_20260207_004424,,10,1.0,2,0.0001,32,5,,,fedprox,0.01,3,0.01,true,5,,336,72,4,1,768,16,3,2,8,16,0.0,0.15,llama_nonlinear,10.0,0.9155400445321028,0.737042510509491,0.9560237407684328,,,,,10.0,0.9155400445321028,0.737042510509491,0.9560237407684328,0.9118650764497298,1.0590414439373155,0.799013112783432,1.025185707807541,1.0343969099901578,33185.27892756462,553.087982126077,3318.5218530893326,588.3260466289521,590.6554950714112,,,23626.83563232422,,,33185.218530893326,2026-02-07 00:44:35,2026-02-07 09:57:41
20260206_221426,20260206_221426,experiments_20260206_221426,,10,1.0,2,0.001,32,5,,,fedprox,0.01,3,0.01,true,5,,336,72,4,1,768,16,3,2,8,16,0.0,0.15,gpt4ts_nonlinear,8.0,0.9040399960665144,0.73653085231781,0.9501615405082704,,,,,10.0,0.9045779783024508,0.7335645198822022,0.9503631830215454,1.1327974791428257,0.9153681161032002,0.7418536150455475,0.956079831123352,1.409528442545123,34773.741609334946,579.5623601555824,3477.3625288486483,620.7005009937286,624.050924539566,,,27557.30438232422,,,34773.62528848648,2026-02-06 22:14:38,2026-02-07 07:54:12
20260206_185525,20260206_185525,experiments_20260206_185525,,10,1.0,2,0.0005,32,5,,,fedprox,0.01,3,0.01,true,5,,336,72,4,1,768,16,3,2,8,16,0.0,0.15,gpt4ts_nonlinear,9.0,0.8986459581781835,0.7341654539108277,0.9473339796066284,,,,,10.0,0.8990181670749889,0.7346619606018067,0.9475155711174011,1.0505116001863073,0.9074740643176963,0.738261674642563,0.9519511651992799,1.20878581901141,35348.0418548584,589.1340309143067,3534.7912774562838,627.1177216625214,629.8178789138794,,,27557.30438232422,,,35347.912774562836,2026-02-06 18:55:38,2026-02-07 04:44:46
20260206_150203,20260206_150203,experiments_20260206_150203,,10,1.0,2,0.0001,32,5,,,fedprox,0.01,3,0.01,true,5,,336,72,4,1,768,16,3,2,8,16,0.0,0.15,gpt4ts_nonlinear,6.0,0.9045589021584568,0.7366287350654602,0.9503496646881104,,,,,10.0,1.0361376395155404,0.7993537664413453,1.0170596957206726,0.8733243880613197,0.9299587206675726,0.7498409569263458,0.963418844938278,0.9548094826702391,34911.985998392105,581.8664333065351,3491.1913919210433,623.5065254878998,626.450493144989,,,27557.30438232422,,,34911.913919210434,2026-02-06 15:02:22,2026-02-07 00:44:14
20260206_150202,20260206_150202,experiments_20260206_150202,,10,1.0,2,0.001,32,5,,,fedprox,0.01,3,0.01,true,5,,336,72,4,1,768,16,3,2,8,16,0.0,0.1,bart_nonlinear,10.0,0.903484011211816,0.7351842164993286,0.9497902750968932,,,,,10.0,0.903484011211816,0.7351842164993286,0.9497902750968932,1.046149236522615,0.9172698234782499,0.7431362092494965,0.9569009792804717,1.417133584769783,25917.75532102585,431.9625886837641,2591.7600111722945,457.69510220050813,458.672570180893,,,78871.95281982422,,,25917.600111722946,2026-02-06 15:02:20,2026-02-06 22:14:18
20260206_112346,20260206_112346,experiments_20260206_112346,,10,1.0,2,0.0005,32,5,,,fedprox,0.01,3,0.01,true,5,,336,72,4,1,768,16,3,2,8,16,0.0,0.1,bart_nonlinear,10.0,0.900932908973273,0.7352790832519531,0.9484178185462953,,,,,10.0,0.900932908973273,0.7352790832519531,0.9484178185462953,1.0518725107353863,0.9095408013524379,0.7399085867404936,0.9529308259487153,1.2998564300744204,27075.02718734741,451.25045312245686,2707.4731390714646,473.7665221834183,518.3049576282502,,,78871.95281982422,,,27074.731390714645,2026-02-06 11:23:59,2026-02-06 18:55:16
20260206_040515,20260206_040515,experiments_20260206_040515,,10,1.0,2,0.0001,32,5,,,fedprox,0.01,3,0.01,true,5,,336,72,4,1,768,16,3,2,8,16,0.0,0.1,bart_nonlinear,8.0,0.90381355147502,0.7358246326446534,0.9499160647392272,,,,,10.0,0.90413426170279,0.73766610622406,0.9500830888748169,0.9273699710155606,0.9193960041303845,0.7418705129623413,0.9579369115829467,0.9986958427624076,26287.74667477608,438.129111246268,2628.7562836170196,465.2096743869782,465.6246425628662,,,78871.95281982422,,,26287.562836170197,2026-02-06 04:05:28,2026-02-06 11:23:37
20260205_185438,20260205_185438,experiments_20260205_185438,,10,1.0,2,0.001,32,5,,,fedprox,0.01,3,0.01,true,5,,336,72,4,1,768,16,3,2,8,16,0.0,0.1,llama_nonlinear,4.0,1.4839344217146144,0.9613246619701384,1.2183714509010315,,,,,10.0,,,,1.0329235523203089,87.53164938025178,4.861062342921893,5.991610688467821,4.345888654189684,72031.3251452446,1200.522085754077,7203.132316184044,1333.1284684062005,1335.2965178489685,,,23626.83563232422,,,72031.32316184044,2026-02-05 18:54:52,2026-02-06 14:55:24
20260205_185435,20260205_185435,experiments_20260205_185435,,10,1.0,2,0.0005,32,5,,,fedprox,0.01,3,0.01,true,5,,336,72,4,1,768,16,3,2,8,16,0.0,0.1,llama_nonlinear,4.0,1.0741452093334758,0.8110604286193848,1.0367082357406616,,,,,10.0,,,,0.9789239357210576,2.753173332717635,1.236413098871708,1.5704533060391743,1.7475162641505801,72035.40413713455,1200.5900689522423,7203.540209579468,1332.6726745843887,1335.0621235370636,,,23626.83563232422,,,72035.40209579468,2026-02-05 18:54:49,2026-02-06 14:55:25
20260205_185422,20260205_185422,experiments_20260205_185422,,10,1.0,2,0.0001,32,5,,,fedprox,0.01,3,0.01,true,5,,336,72,4,1,768,16,3,2,8,16,0.0,0.1,llama_nonlinear,10.0,0.909139266936218,0.7347357273101807,0.9527119994163512,,,,,10.0,0.909139266936218,0.7347357273101807,0.9527119994163512,0.9047005081789627,1.0061338647993172,0.7740060985088348,1.000446093082428,1.0138268852608918,33033.27842974663,550.5546404957771,3303.321418428421,590.503931798935,591.307501745224,,,23626.83563232422,,,33033.21418428421,2026-02-05 18:54:34,2026-02-06 04:05:08
20260205_005754,20260205_005754,experiments_20260205_005754,,15,1.0,3,0.0005,32,5,,,fedavg,0.0,3,0.0001,true,5,,336,72,4,8,768,16,3,4,8,16,0.0,0.1,informer,1.0,1.008336301758009,0.7942662119865418,1.00396968126297,0.01327635518772646,0.7962687015533447,0.7611690163612366,1.0461128664431218,6.0,1.0577846262454986,0.8258831143379212,1.0284764051437378,0.9393229560424176,1.0483793589610095,0.8085467914740246,1.023723566532135,0.933206026366825,23656.31114602089,394.2718524336815,3942.718235770861,735.003762503465,736.2128603458405,,,4873.184280395508,,,23656.309414625168,2026-02-05 00:58:02,2026-02-05 07:32:18
20260204_232658,20260204_232658,experiments_20260204_232658,,15,1.0,3,0.0005,32,5,,,fedavg,0.0,3,0.0001,true,5,,336,72,4,8,768,16,3,4,8,16,0.0,0.1,patchtst,4.0,0.9331373920914005,0.7478719234466553,0.965328061580658,,,,,9.0,0.996893538278692,0.7696308493614197,0.9974491596221924,0.3641475129081437,0.9615317105793095,0.7607452710469563,0.9797768592834473,0.660027194436831,5439.458308935165,90.65763848225276,604.3836707274119,99.75925301975674,100.14444522857669,,,3010.683708190918,,,5439.453036546707,2026-02-04 23:27:07,2026-02-05 00:57:46
20260204_225049,20260204_225049,experiments_20260204_225049,,10,1.0,2,0.001,32,5,,,fedprox,0.01,3,0.01,true,5,,336,72,4,1,768,16,3,2,8,16,0.0,0.1,gpt4ts_nonlinear,,,,,,,,,10.0,,,,,,,,,72019.54290628433,1200.325715104739,,,,,,,,,,2026-02-04 22:51:08,2026-02-05 18:51:28
20260204_225048,20260204_225048,experiments_20260204_225048,,10,1.0,2,0.0005,32,5,,,fedprox,0.01,3,0.01,true,5,,336,72,4,1,768,16,3,2,8,16,0.0,0.1,gpt4ts_nonlinear,,,,,,,,,10.0,,,,,,,,,72020.3822259903,1200.339703766505,,,,,,,,,,2026-02-04 22:51:08,2026-02-05 18:51:29
20260204_225047,20260204_225047,experiments_20260204_225047,,10,1.0,2,0.0001,32,5,,,fedprox,0.01,3,0.01,true,5,,336,72,4,1,768,16,3,2,8,16,0.0,0.1,gpt4ts_nonlinear,,,,,,,,,10.0,,,,,,,,,72020.37728571892,1200.3396214286486,,,,,,,,,,2026-02-04 22:51:08,2026-02-05 18:51:29
20260203_201150,20260203_201150,experiments_20260203_201150,,10,0.5,1,0.001,16,5,,,fedavg,0.01,1,0.01,true,3,,336,72,4,8,128,16,3,4,8,16,0.0,0.1,patchtst,,,,,,,,,10.0,,,,0.6023131798488957,,,,,2202.814719438553,36.71357865730921,,,,,,,,,,2026-02-03 20:11:57,2026-02-03 20:48:39
20260203_200750,20260203_200750,experiments_20260203_200750,,10,0.5,1,0.001,16,5,,,fedavg,0.01,1,0.01,true,3,,336,72,4,1,128,16,3,4,8,16,0.0,0.1,informer,,,,,,,,,10.0,,,,0.9026121714198876,,,,,4118.077346563339,68.63462244272232,,,,,,,,,,2026-02-03 20:07:57,2026-02-03 21:16:35
20260202_010752,20260202_010752,experiments_20260202_010752,,5,1.0,1,0.0003,32,5,,,fedprox,0.05,1,0.02,true,2,,336,72,4,1,768,32,3,2,4,8,0.1,0.2,llama_nonlinear,3.0,1.055792873354519,0.8068113684654236,1.0267400026321412,,,,,5.0,1.866018530032214,1.103381586074829,1.3651971817016602,1.3230601253188266,1.5755246062124477,0.978763337135315,1.2390370273590086,3.343820728215399,10777.736160755156,179.62893601258597,2155.541005039215,346.5658444976807,351.0031101226807,,,11815.776824951172,,,10777.705025196075,2026-02-02 01:08:08,2026-02-02 04:07:46
20260202_010233,20260202_010233,experiments_20260202_010233,,5,1.0,1,0.0003,32,5,,,fedprox,0.05,1,0.02,true,2,,336,72,4,1,768,32,3,2,4,8,0.1,0.2,bart_nonlinear,5.0,0.9076684905150356,0.7360020160675049,0.9519294381141664,,,,,5.0,0.9076684905150356,0.7360020160675049,0.9519294381141664,1.2674317167571156,0.9856195334350362,0.7677345013618468,0.9901116681098937,1.5111032368627288,8128.131697893143,135.4688616315524,1625.5920750141145,253.4115301704407,254.27102031707767,,,39438.33541870117,,,8127.960375070572,2026-02-02 01:02:59,2026-02-02 03:18:28
20260131_164138,20260131_164138,experiments_20260131_164138,,20,1.0,1,0.0003,32,5,,,fedprox,0.05,1,0.02,true,2,,336,72,4,1,768,32,3,2,4,8,0.1,0.2,,20.0,0.9004774672143598,0.7355143427848816,0.9482025146484376,,,,,20.0,0.9004774672143598,0.7355143427848816,0.9482025146484376,0.9270803943096152,0.9182937290082958,0.7432239311933517,0.9574288403987883,1.106187485424221,34832.92278337479,580.5487130562465,1741.6331115007401,278.8557284641266,289.0259073734284,,,54974.04479980469,,,34832.6622300148,2026-01-31 16:41:48,2026-02-01 02:22:21
