experiment_id,timestamp,seed,model,peft_method,is_pretrained,fl_algorithm,pred_len,learning_rate,local_epochs,num_rounds_configured,num_rounds_completed,batch_size,num_clients,weight_decay,warmup_rounds,proximal_mu,early_stop_patience,dropout,seq_len,patch_size,stride,num_patches,d_model,hidden_size,kernel_size,llm_layers,lora_r,lora_alpha,lora_dropout,num_trainable_params,num_total_params,model_payload_mb,best_round,best_val_mse,best_val_mae,best_val_rmse,best_test_mse,best_test_mae,best_test_rmse,best_train_mse,first_round_val_loss,final_round_val_loss,val_loss_improvement_pct,overfit_gap,overfit_ratio,converged,loss_trend_last3,early_stopped,early_stop_round,client_val_mae_mean,client_val_mae_std,client_val_mae_min,client_val_mae_max,client_val_mae_best_city,client_val_mae_worst_city,fairness_ratio,payload_per_round_mb,total_comm_mb,comm_to_best_mb,rounds_per_mae_point,total_training_time_sec,total_training_time_min,avg_round_duration_sec,avg_client_train_dur_sec,max_client_train_dur_sec,status,experiment_dir,notes,dataset_name,target_column
centralized_20260131_174905,20260131_174905,,,,,centralized,72,0.0003,1,20,8.0,32,,0.02,1,,2,0.2,336,4,1,334,768,32,3,2,4,8,0.1,,,,6.0,0.89009,0.726795,0.942642,0.881601,0.722935,0.938748,0.877912,0.927381,0.895416,4.02,0.012178,1.0139,False,increasing,True,8.0,,,,,,,,,0.0,0.0,3.05,22765.560178,379.426003,2845.69,2373.61,2412.86,early_stopped,/raid/tin_trungchau/tmp/centralized_20260131_174905,,,
centralized_20260201_133501,20260201_133501,,,,,centralized,72,0.0003,1,5,5.0,32,,0.02,1,,2,0.2,336,4,1,334,768,32,3,2,4,8,0.1,,,,4.0,0.888235,0.725067,0.941653,0.884855,0.72375,0.940485,0.895845,0.912722,0.892182,2.68,-0.00761,0.9915,False,decreasing,False,,,,,,,,,,0.0,0.0,2.51,14170.74773,236.179129,2834.15,2342.95,2353.16,completed,/raid/tin_trungchau/tmp/centralized_20260201_133501,,,
centralized_20260205_043235,20260205_043235,,llama_nonlinear,,,centralized,72,0.0003,1,20,12.0,32,,0.01,3,,5,0.15,336,4,1,334,768,16,3,4,8,16,0.15,,,,7.0,0.892489,0.728106,0.943811,0.886375,0.725833,0.941265,0.873236,1.238053,0.898107,27.91,0.019253,1.022,True,decreasing,True,12.0,,,,,,,,,0.0,0.0,0.53,37075.927375,617.932123,3089.66,2552.02,2555.95,early_stopped,/raid/tin_trungchau/tmp/centralized_20260205_043235,,,
centralized_20260205_145058,20260205_145058,,bart_nonlinear,,,centralized,72,0.0003,1,20,8.0,32,,0.01,3,,5,0.15,336,4,1,334,768,16,3,4,8,16,0.15,,,,3.0,0.895859,0.727598,0.945624,0.88789,0.724236,0.942077,0.884274,0.913764,0.96496,1.96,0.011585,1.0131,False,increasing,True,8.0,,,,,,,,,0.0,0.0,2.23,19303.838748,321.730646,2412.97,2011.22,2022.93,early_stopped,/raid/tin_trungchau/tmp/centralized_20260205_145058,,,
centralized_20260212_142934,20260212_142934,2021.0,llama_nonlinear,,,centralized,1,0.0001,2,10,10.0,32,5.0,0.01,1,,5,0.15,336,16,16,22,768,16,3,4,8,16,0.0,24613921.0,,,6.0,0.04825,0.159029,0.217061,0.048066,0.159507,0.21702,0.0344,0.053694,0.055227,10.14,0.01385,1.4026,True,decreasing,False,,,,,,,,,,0.0,0.0,6.37,5366.205661,89.436761,536.62,462.03,473.58,completed,/raid/tin_trungchau/tmp/centralized_20260212_142934,,,
centralized_20260212_143058,20260212_143058,2021.0,bart_nonlinear,,,centralized,1,0.0001,2,10,7.0,32,5.0,0.01,1,,5,0.15,336,16,16,22,768,16,3,4,8,16,0.0,1474849.0,,,2.0,0.043247,0.145982,0.203455,0.042689,0.146146,0.202662,0.042892,0.049113,0.051648,11.94,0.000355,1.0083,True,increasing,True,7.0,,,,,,,,,0.0,0.0,3.42,4436.867299,73.947788,633.83,562.1,579.28,early_stopped,/raid/tin_trungchau/tmp/centralized_20260212_143058,,,
centralized_20260212_155927,20260212_155927,2021.0,llama_nonlinear,,,centralized,72,0.0001,2,10,9.0,32,5.0,0.01,1,,5,0.15,336,16,16,22,768,16,3,4,8,16,0.0,25813608.0,,,4.0,0.896937,0.729428,0.946269,0.895542,0.728391,0.946143,0.881448,0.913759,0.904732,1.84,0.015489,1.0176,False,increasing,True,9.0,,,,,,,,,0.0,0.0,5.78,7369.290011,122.8215,818.81,687.76,1055.42,early_stopped,/raid/tin_trungchau/tmp/centralized_20260212_155927,,,
centralized_20260212_162051,20260212_162051,2021.0,gpt4ts_nonlinear,,,centralized,72,0.0001,2,10,6.0,32,5.0,0.01,1,,5,0.15,336,16,16,22,768,16,3,4,8,16,0.0,2424168.0,,,1.0,0.895574,0.729947,0.945484,0.890966,0.727692,0.943662,0.895018,0.895574,1.038709,0.0,0.000556,1.0006,False,increasing,True,6.0,,,,,,,,,0.0,0.0,,6618.018925,110.300315,1103.0,944.87,1204.1,early_stopped,/raid/tin_trungchau/tmp/centralized_20260212_162051,,,
centralized_20260212_165354,20260212_165354,2021.0,bart_nonlinear,,,centralized,432,0.0001,2,10,6.0,32,5.0,0.01,1,,5,0.15,336,16,16,22,768,16,3,4,8,16,0.0,8757456.0,,,1.0,1.015668,0.787831,1.006594,1.018146,0.787924,1.008562,0.979711,1.015668,1.209284,0.0,0.035957,1.0367,False,increasing,True,6.0,,,,,,,,,0.0,0.0,,7249.597573,120.826626,1208.26,919.22,1080.12,early_stopped,/raid/tin_trungchau/tmp/centralized_20260212_165354,,,
centralized_20260212_180245,20260212_180245,2021.0,llama_nonlinear,,,centralized,432,0.0001,2,10,6.0,32,5.0,0.01,1,,5,0.15,336,16,16,22,768,16,3,4,8,16,0.0,31896528.0,,,1.0,1.003833,0.782677,1.000929,1.008712,0.78415,1.004019,1.003002,1.003833,1.006262,0.0,0.000831,1.0008,False,increasing,True,6.0,,,,,,,,,0.0,0.0,,8505.494476,141.758241,1417.58,1119.47,1123.76,early_stopped,/raid/tin_trungchau/tmp/centralized_20260212_180245,,,
centralized_20260212_181202,20260212_181202,2021.0,gpt4ts_nonlinear,,,centralized,432,0.0001,2,10,6.0,32,5.0,0.01,1,,5,0.15,336,16,16,22,768,16,3,4,8,16,0.0,8507088.0,,,1.0,0.999478,0.780304,0.998715,1.003631,0.781576,1.001457,0.985131,0.999478,1.107522,0.0,0.014347,1.0146,False,increasing,True,6.0,,,,,,,,,0.0,0.0,,9197.573314,153.292889,1532.93,1178.46,1182.09,early_stopped,/raid/tin_trungchau/tmp/centralized_20260212_181202,,,
centralized_20260212_211714,20260212_211714,2021.0,bert_nonlinear,,,centralized,1,0.0001,2,10,10.0,32,5.0,0.01,1,,5,0.15,336,16,16,22,768,16,3,4,8,16,0.0,92706337.0,,,10.0,0.029838,0.10777,0.166436,0.029537,0.10886,0.166659,0.029384,0.035096,0.029838,14.98,0.000454,1.0155,True,decreasing,False,,,,,,,,,,0.0,0.0,7.56,11225.566247,187.092771,1122.55,949.78,1065.93,completed,/raid/tin_trungchau/tmp/centralized_20260212_211714,,,
centralized_20260213_013554,20260213_013554,2021.0,gpt4ts_nonlinear,,,centralized,1,0.0003,1,10,6.0,32,5.0,0.02,1,,5,0.2,336,4,1,334,768,32,3,2,8,16,0.1,1272789.0,,,1.0,0.036521,0.125901,0.184495,0.036748,0.127842,0.185965,0.168577,0.036521,0.055225,0.0,-0.132056,0.2166,False,increasing,True,6.0,,,,,,,,,0.0,0.0,,10499.554541,174.992576,1749.92,1454.36,1526.94,early_stopped,/raid/tin_trungchau/tmp/centralized_20260213_013554,,,
centralized_20260213_043123,20260213_043123,2021.0,gpt4ts_nonlinear,,,centralized,72,0.0003,1,10,7.0,32,5.0,0.02,1,,5,0.2,336,4,1,334,768,32,3,2,8,16,0.1,19485212.0,,,2.0,0.898223,0.728227,0.946903,0.893576,0.726452,0.945105,0.945798,0.915532,1.112397,1.89,-0.047575,0.9497,False,increasing,True,7.0,,,,,,,,,0.0,0.0,1.71,12504.502444,208.408374,1786.36,1461.85,1465.74,early_stopped,/raid/tin_trungchau/tmp/centralized_20260213_043123,,,
centralized_20260213_143410,20260213_143410,2021.0,llama_nonlinear,,,centralized,72,0.0003,1,10,10.0,32,5.0,0.02,1,,5,0.2,336,4,1,334,768,16,3,4,8,16,0.1,43065036.0,,,9.0,0.88516,0.726047,0.940006,0.880672,0.723971,0.938277,0.869624,1.085717,0.890021,18.47,0.015536,1.0179,True,increasing,False,,,,,,,,,,0.0,0.0,1.21,67643.123853,1127.385398,6764.31,5602.82,5645.65,completed,/raid/tin_trungchau/tmp/centralized_20260213_143410,,,
centralized_20260213_194652,20260213_194652,2021.0,bert_nonlinear,,,centralized,72,0.0003,1,10,6.0,32,5.0,0.02,1,,5,0.2,336,4,1,334,768,16,3,4,8,16,0.1,111157452.0,,,1.0,0.898496,0.73006,0.947009,0.891626,0.726728,0.944073,1.161489,0.898496,1.258949,0.0,-0.262993,0.7736,False,increasing,True,6.0,,,,,,,,,0.0,0.0,,39625.007396,660.41679,6604.17,5555.38,5581.24,early_stopped,/raid/tin_trungchau/tmp/centralized_20260213_194652,,,
centralized_20260214_064746,20260214_064746,2021.0,bert_nonlinear,,,centralized,432,0.0003,1,10,6.0,32,5.0,0.02,1,,5,0.2,336,4,1,334,768,16,3,4,8,16,0.1,203502132.0,,,1.0,1.001462,0.782143,0.999703,1.00622,0.783713,1.002768,1.245909,1.001462,1.359273,0.0,-0.244447,0.8038,False,increasing,True,6.0,,,,,,,,,0.0,0.0,,41952.497258,699.208288,6992.08,5823.72,5912.58,early_stopped,/raid/tin_trungchau/tmp/centralized_20260214_064746,,,
centralized_20260214_092202,20260214_092202,2021.0,llama_nonlinear,,,centralized,432,0.0003,1,10,10.0,32,5.0,0.02,1,,5,0.2,336,4,1,334,768,16,3,4,8,16,0.1,135409716.0,,,7.0,0.993296,0.779341,0.995675,0.999731,0.781436,0.99952,0.971563,1.037296,1.006874,4.24,0.021733,1.0224,False,increasing,False,,,,,,,,,,0.0,0.0,3.86,50441.909817,840.698497,5044.19,4155.86,5858.44,completed,/raid/tin_trungchau/tmp/centralized_20260214_092202,,,
centralized_20260219_224606,20260219_224606,,bert_nonlinear,,,centralized,1,0.0003,1,10,,32,,0.02,1,,5,0.2,336,4,1,334,768,16,3,4,8,16,0.1,,,,,,,,,,,,,,,,,,,,,,,,,,,,,0.0,0.0,,,,,,,failed,/raid/tin_trungchau/tmp/centralized_20260219_224606,,vnmet,
centralized_20260219_224729,20260219_224729,,bert_nonlinear,,,centralized,1,0.0003,1,10,,32,,0.02,1,,5,0.2,336,4,1,334,768,16,3,4,8,16,0.1,,,,,,,,,,,,,,,,,,,,,,,,,,,,,0.0,0.0,,,,,,,failed,/raid/tin_trungchau/tmp/centralized_20260219_224729,,vnmet,
centralized_20260219_224949,20260219_224949,,gpt4ts_nonlinear,,,centralized,120,0.0003,1,20,,32,,0.01,3,,5,0.15,336,4,1,334,768,16,3,4,8,16,0.15,,,,,,,,,,,,,,,,,,,,,,,,,,,,,0.0,0.0,,,,,,,failed,/raid/tin_trungchau/tmp/centralized_20260219_224949,,vnmet,
centralized_20260309_160522,20260309_160522,2021.0,gpt4ts_nonlinear,,,centralized,1,0.0005,1,25,11.0,32,5.0,0.01,1,,5,0.15,336,16,16,22,768,16,3,4,8,16,0.0,1224481.0,68161057.0,260.013798,6.0,0.032405,0.115453,0.173685,0.032106,0.116219,0.173981,0.036801,0.042743,0.0335,24.19,-0.004396,0.8805,True,decreasing,True,11.0,,,,,,,,260.013798,0.0,0.0,2.81,3703.794985,61.729916,336.71,262.16,273.77,early_stopped,/raid/tin_trungchau/tmp/centralized_20260309_160522,,KZMET,
centralized_20260309_160723,20260309_160723,2021.0,gpt4ts_nonlinear,,,centralized,432,0.0005,1,25,6.0,32,5.0,0.01,1,,5,0.15,336,16,16,22,768,16,3,4,8,16,0.0,8507088.0,75443664.0,287.794739,1.0,0.843981,0.701326,0.917127,0.818162,0.68403,0.900679,0.771081,0.843981,0.860272,0.0,0.0729,1.0945,False,increasing,True,6.0,,,,,,,,287.794739,0.0,0.0,,5150.081169,85.834686,858.35,505.16,518.35,early_stopped,/raid/tin_trungchau/tmp/centralized_20260309_160723,,VNMET,
centralized_20260309_160812,20260309_160812,2021.0,gpt4ts_nonlinear,,,centralized,432,0.0005,1,25,6.0,32,5.0,0.01,1,,5,0.15,336,16,16,22,768,16,3,4,8,16,0.0,8507088.0,75443664.0,287.794739,1.0,0.998337,0.780511,0.998186,1.004933,0.782611,1.002142,0.989535,0.998337,1.048634,0.0,0.008802,1.0089,False,increasing,True,6.0,,,,,,,,287.794739,0.0,0.0,,2844.260381,47.40434,474.04,268.1,281.12,early_stopped,/raid/tin_trungchau/tmp/centralized_20260309_160812,,KZMET,
centralized_20260309_165604,20260309_165604,2021.0,gpt4ts_nonlinear,,,centralized,432,0.0003,1,25,6.0,32,5.0,0.01,1,,5,0.15,336,16,16,22,768,16,3,4,8,16,0.0,8507088.0,75443664.0,287.794739,1.0,0.998671,0.78023,0.998353,1.002077,0.781041,1.000708,0.988518,0.998671,1.058501,0.0,0.010153,1.0103,False,increasing,True,6.0,,,,,,,,287.794739,0.0,0.0,,2843.948365,47.399139,473.99,264.58,267.52,early_stopped,/raid/tin_trungchau/tmp/centralized_20260309_165604,,KZMET,
centralized_20260309_170731,20260309_170731,2021.0,gpt4ts_nonlinear,,,centralized,72,0.0005,1,25,9.0,32,5.0,0.01,1,,5,0.15,336,16,16,22,768,16,3,4,8,16,0.0,2424168.0,69360744.0,264.59024,4.0,0.899908,0.731219,0.947741,0.900984,0.731321,0.948939,0.877752,0.901391,0.977473,0.16,0.022156,1.0252,False,increasing,True,9.0,,,,,,,,264.59024,0.0,0.0,15.96,3177.084596,52.95141,353.01,256.42,270.44,early_stopped,/raid/tin_trungchau/tmp/centralized_20260309_170731,,KZMET,
centralized_20260309_173333,20260309_173333,2021.0,gpt4ts_nonlinear,,,centralized,432,0.0003,1,25,7.0,32,5.0,0.01,1,,5,0.15,336,16,16,22,768,16,3,4,8,16,0.0,8507088.0,75443664.0,287.794739,2.0,0.847967,0.707672,0.919059,0.817396,0.68797,0.900213,0.757505,0.849095,0.888226,0.13,0.090462,1.1194,False,increasing,True,7.0,,,,,,,,287.794739,0.0,0.0,,5956.122527,99.268709,850.87,502.63,523.0,early_stopped,/raid/tin_trungchau/tmp/centralized_20260309_173333,,VNMET,
centralized_20260309_174353,20260309_174353,2021.0,gpt4ts_nonlinear,,,centralized,432,0.001,1,25,7.0,32,5.0,0.01,1,,5,0.15,336,16,16,22,768,16,3,4,8,16,0.0,8507088.0,75443664.0,287.794739,2.0,1.000377,0.780906,0.999156,1.004285,0.781876,1.001792,0.986724,1.000652,1.032475,0.03,0.013653,1.0138,False,increasing,True,7.0,,,,,,,,287.794739,0.0,0.0,,3338.195143,55.636586,476.88,270.84,277.82,early_stopped,/raid/tin_trungchau/tmp/centralized_20260309_174353,,KZMET,
centralized_20260309_180054,20260309_180054,2021.0,gpt4ts_nonlinear,,,centralized,1,0.0003,1,25,17.0,32,5.0,0.01,1,,5,0.15,336,16,16,22,768,16,3,4,8,16,0.0,1224481.0,68161057.0,260.013798,12.0,0.031408,0.113723,0.171035,0.031054,0.11459,0.171118,0.032865,0.044566,0.033004,29.52,-0.001457,0.9557,True,decreasing,True,17.0,,,,,,,,260.013798,0.0,0.0,3.97,5598.517853,93.308631,329.32,255.85,274.99,early_stopped,/raid/tin_trungchau/tmp/centralized_20260309_180054,,KZMET,
centralized_20260309_191321,20260309_191321,2021.0,gpt4ts_nonlinear,,,centralized,432,0.001,1,25,7.0,32,5.0,0.01,1,,5,0.15,336,16,16,22,768,16,3,4,8,16,0.0,8507088.0,75443664.0,287.794739,2.0,0.841001,0.702382,0.915422,0.81379,0.684333,0.898254,0.768126,0.869965,0.848473,3.33,0.072875,1.0949,False,decreasing,True,7.0,,,,,,,,287.794739,0.0,0.0,1.09,5861.584635,97.693077,837.37,497.8,499.93,early_stopped,/raid/tin_trungchau/tmp/centralized_20260309_191321,,VNMET,
centralized_20260309_193440,20260309_193440,2021.0,gpt4ts_nonlinear,,,centralized,72,0.0003,1,25,7.0,32,5.0,0.01,1,,5,0.15,336,16,16,22,768,16,3,4,8,16,0.0,2424168.0,69360744.0,264.59024,2.0,0.895358,0.730026,0.945367,0.891915,0.728428,0.944187,0.888379,0.902549,0.952579,0.8,0.006979,1.0079,False,increasing,True,7.0,,,,,,,,264.59024,0.0,0.0,5.01,2512.850712,41.880845,358.98,262.74,267.27,early_stopped,/raid/tin_trungchau/tmp/centralized_20260309_193440,,KZMET,
centralized_20260309_201658,20260309_201658,2021.0,gpt4ts_nonlinear,,,centralized,1,0.001,1,25,14.0,32,5.0,0.01,1,,5,0.15,336,16,16,22,768,16,3,4,8,16,0.0,1224481.0,68161057.0,260.013798,9.0,0.033753,0.118307,0.177366,0.033489,0.119185,0.177711,0.037982,0.046073,0.041322,26.74,-0.004229,0.8887,True,increasing,True,14.0,,,,,,,,260.013798,0.0,0.0,2.69,4558.405527,75.973425,325.6,252.48,258.91,early_stopped,/raid/tin_trungchau/tmp/centralized_20260309_201658,,KZMET,
centralized_20260309_213333,20260309_213333,2021.0,gpt4ts_nonlinear,,,centralized,72,0.001,1,25,9.0,32,5.0,0.01,1,,5,0.15,336,16,16,22,768,16,3,4,8,16,0.0,2424168.0,69360744.0,264.59024,4.0,0.898311,0.731298,0.946902,0.894751,0.729213,0.945668,0.88904,0.90496,0.930398,0.73,0.009271,1.0104,False,increasing,True,9.0,,,,,,,,264.59024,0.0,0.0,7.39,3093.83799,51.563967,343.76,251.29,259.13,early_stopped,/raid/tin_trungchau/tmp/centralized_20260309_213333,,KZMET,
centralized_20260309_222535,20260309_222535,2021.0,gpt4ts_nonlinear,,,centralized,1,0.0005,1,25,15.0,32,5.0,0.01,1,,5,0.15,336,16,16,22,768,16,3,4,8,16,0.0,1224481.0,68161057.0,260.013798,10.0,0.079889,0.206912,0.279825,0.079848,0.201611,0.277738,0.076207,0.08505,0.09033,6.07,0.003682,1.0483,True,increasing,True,15.0,,,,,,,,260.013798,0.0,0.0,14.82,9004.135158,150.068919,600.27,498.25,898.6,early_stopped,/raid/tin_trungchau/tmp/centralized_20260309_222535,,VNMET,
centralized_20260310_005608,20260310_005608,2021.0,gpt4ts_nonlinear,,,centralized,72,0.0005,1,25,8.0,32,5.0,0.01,1,,5,0.15,336,16,16,22,768,16,3,4,8,16,0.0,2424168.0,69360744.0,264.59024,3.0,0.508534,0.543642,0.711963,0.506769,0.533742,0.710596,0.484898,0.516171,0.53061,1.48,0.023636,1.0487,False,increasing,True,8.0,,,,,,,,264.59024,0.0,0.0,5.36,5051.904566,84.198409,631.48,488.21,492.0,early_stopped,/raid/tin_trungchau/tmp/centralized_20260310_005608,,VNMET,
centralized_20260310_022050,20260310_022050,2021.0,gpt4ts_nonlinear,,,centralized,1,0.0003,1,25,12.0,32,5.0,0.01,1,,5,0.15,336,16,16,22,768,16,3,4,8,16,0.0,1224481.0,68161057.0,260.013798,7.0,0.081361,0.209444,0.282559,0.081116,0.204043,0.280295,0.076194,0.088437,0.081606,8.0,0.005167,1.0678,True,decreasing,True,12.0,,,,,,,,260.013798,0.0,0.0,7.81,7015.534104,116.925568,584.62,482.33,488.39,early_stopped,/raid/tin_trungchau/tmp/centralized_20260310_022050,,VNMET,
centralized_20260310_041805,20260310_041805,2021.0,gpt4ts_nonlinear,,,centralized,72,0.0003,1,25,7.0,32,5.0,0.01,1,,5,0.15,336,16,16,22,768,16,3,4,8,16,0.0,2424168.0,69360744.0,264.59024,2.0,0.50945,0.543527,0.712605,0.507054,0.53357,0.710817,0.486175,0.5108,0.533897,0.26,0.023275,1.0479,False,increasing,True,7.0,,,,,,,,264.59024,0.0,0.0,6.97,4380.749309,73.012488,625.82,484.35,497.05,early_stopped,/raid/tin_trungchau/tmp/centralized_20260310_041805,,VNMET,
centralized_20260310_053130,20260310_053130,2021.0,gpt4ts_nonlinear,,,centralized,1,0.001,1,25,23.0,32,5.0,0.01,1,,5,0.15,336,16,16,22,768,16,3,4,8,16,0.0,1224481.0,68161057.0,260.013798,18.0,0.080025,0.20615,0.280046,0.079857,0.200882,0.277707,0.077273,0.096214,0.088556,16.83,0.002752,1.0356,True,increasing,True,23.0,,,,,,,,260.013798,0.0,0.0,5.96,13179.286775,219.65478,573.01,472.29,489.01,early_stopped,/raid/tin_trungchau/tmp/centralized_20260310_053130,,VNMET,
centralized_20260310_091200,20260310_091200,2021.0,gpt4ts_nonlinear,,,centralized,72,0.001,1,25,9.0,32,5.0,0.01,1,,5,0.15,336,16,16,22,768,16,3,4,8,16,0.0,2424168.0,69360744.0,264.59024,4.0,0.510639,0.544235,0.713384,0.511735,0.535363,0.714085,0.487852,0.51913,0.514289,1.64,0.022787,1.0467,False,decreasing,True,9.0,,,,,,,,264.59024,0.0,0.0,7.6,5506.506043,91.775101,611.83,471.94,479.78,early_stopped,/raid/tin_trungchau/tmp/centralized_20260310_091200,,VNMET,
centralized_20260310_103729,20260310_103729,2021.0,llama_nonlinear,,,centralized,432,0.0005,1,25,11.0,32,5.0,0.01,1,,5,0.15,336,16,16,22,768,16,3,4,8,16,0.0,31896528.0,69645264.0,265.675598,6.0,0.837522,0.700282,0.913306,0.812991,0.68335,0.897625,0.74943,0.847751,0.85068,1.21,0.088092,1.1175,False,decreasing,True,11.0,,,,,,,,265.675598,0.0,0.0,14.06,9515.003005,158.583383,865.0,499.38,1029.92,early_stopped,/raid/tin_trungchau/tmp/centralized_20260310_103729,,VNMET,
centralized_20260310_103840,20260310_103840,2021.0,llama_nonlinear,,,centralized,432,0.0005,1,25,10.0,32,5.0,0.01,1,,5,0.15,336,16,16,22,768,16,3,4,8,16,0.0,31896528.0,69645264.0,265.675598,5.0,0.994651,0.778474,0.996355,0.997849,0.779209,0.998592,0.976358,1.001259,0.999363,0.66,0.018293,1.0187,False,increasing,True,10.0,,,,,,,,265.675598,0.0,0.0,26.35,4371.042263,72.850704,437.1,234.75,236.73,early_stopped,/raid/tin_trungchau/tmp/centralized_20260310_103840,,KZMET,
centralized_20260310_115156,20260310_115156,2021.0,bert_nonlinear,,,centralized,432,0.0005,1,25,6.0,32,5.0,0.01,1,,5,0.15,336,16,16,22,768,16,3,4,8,16,0.0,7782096.0,128918736.0,491.78595,1.0,0.997939,0.781583,0.997969,1.003273,0.783139,1.001303,0.987545,0.997939,1.159715,0.0,0.010394,1.0105,False,increasing,True,6.0,,,,,,,,491.78595,0.0,0.0,,2679.316819,44.65528,446.55,244.34,256.97,early_stopped,/raid/tin_trungchau/tmp/centralized_20260310_115156,,KZMET,
centralized_20260310_123701,20260310_123701,2021.0,bart_nonlinear,,,centralized,432,0.0005,1,25,6.0,32,5.0,0.01,1,,5,0.15,336,16,16,22,768,16,3,4,8,16,0.0,8757456.0,133959120.0,511.013489,1.0,1.002307,0.781446,1.000063,1.009216,0.783723,1.00417,0.986097,1.002307,1.076405,0.0,0.01621,1.0164,False,increasing,True,6.0,,,,,,,,511.013489,0.0,0.0,,4360.77855,72.679642,726.79,455.48,528.65,early_stopped,/raid/tin_trungchau/tmp/centralized_20260310_123701,,KZMET,
centralized_20260310_131627,20260310_131627,2021.0,bert_nonlinear,,,centralized,432,0.0005,1,25,7.0,32,5.0,0.01,1,,5,0.15,336,16,16,22,768,16,3,4,8,16,0.0,7782096.0,128918736.0,491.78595,2.0,0.842381,0.703687,0.916141,0.817371,0.686422,0.900248,0.753687,0.8441,0.886106,0.2,0.088694,1.1177,False,increasing,True,7.0,,,,,,,,491.78595,0.0,0.0,,10852.909748,180.881829,1550.41,1030.15,1043.07,early_stopped,/raid/tin_trungchau/tmp/centralized_20260310_131627,,VNMET,
centralized_20260310_150714,20260310_150714,2021.0,llama_nonlinear,,,centralized,1,0.0005,1,25,10.0,32,5.0,0.01,1,,5,0.15,336,16,16,22,768,16,3,4,8,16,0.0,24613921.0,62362657.0,237.894657,5.0,0.039222,0.138587,0.194207,0.039074,0.139406,0.194384,0.03525,0.040398,0.056391,2.91,0.003972,1.1127,False,increasing,True,10.0,,,,,,,,237.894657,0.0,0.0,,2924.536827,48.74228,292.45,220.84,222.97,early_stopped,/raid/tin_trungchau/tmp/centralized_20260310_150714,,KZMET,
centralized_20260310_155634,20260310_155634,2021.0,llama_nonlinear,,,centralized,72,0.0005,1,25,11.0,32,5.0,0.01,1,,5,0.15,336,16,16,22,768,16,3,4,8,16,0.0,25813608.0,63562344.0,242.4711,6.0,0.889915,0.727759,0.942564,0.885184,0.725568,0.940664,0.875581,0.913334,0.893586,2.56,0.014334,1.0164,False,decreasing,True,11.0,,,,,,,,242.4711,0.0,0.0,4.54,3474.528302,57.908805,315.86,222.74,225.35,early_stopped,/raid/tin_trungchau/tmp/centralized_20260310_155634,,KZMET,
centralized_20260310_161749,20260310_161749,2021.0,bart_nonlinear,,,centralized,432,0.0005,1,25,8.0,32,5.0,0.01,1,,5,0.15,336,16,16,22,768,16,3,4,8,16,0.0,8757456.0,133959120.0,511.013489,3.0,0.842115,0.701209,0.915981,0.81965,0.685828,0.901498,0.750359,0.842529,0.859239,0.05,0.091756,1.1223,False,decreasing,True,8.0,,,,,,,,511.013489,0.0,0.0,,8602.850932,143.380849,1075.35,678.68,989.75,early_stopped,/raid/tin_trungchau/tmp/centralized_20260310_161749,,VNMET,
centralized_20260310_165454,20260310_165454,2021.0,bart_nonlinear,,,centralized,1,0.0005,1,25,8.0,32,5.0,0.01,1,,5,0.15,336,16,16,22,768,16,3,4,8,16,0.0,1474849.0,126676513.0,483.232548,3.0,0.037609,0.133338,0.189638,0.037454,0.133992,0.189892,0.038115,0.038582,0.048888,2.52,-0.000506,0.9867,False,decreasing,True,8.0,,,,,,,,483.232548,0.0,0.0,,2370.054372,39.500906,296.25,230.86,231.92,early_stopped,/raid/tin_trungchau/tmp/centralized_20260310_165454,,KZMET,
centralized_20260310_173449,20260310_173449,2021.0,bart_nonlinear,,,centralized,72,0.0005,1,25,6.0,32,5.0,0.01,1,,5,0.15,336,16,16,22,768,16,3,4,8,16,0.0,2674536.0,127876200.0,487.80899,1.0,0.900016,0.735116,0.947769,0.895171,0.7326,0.945914,0.902114,0.900016,0.945053,0.0,-0.002098,0.9977,False,increasing,True,6.0,,,,,,,,487.80899,0.0,0.0,,2013.451994,33.557533,335.57,244.74,280.96,early_stopped,/raid/tin_trungchau/tmp/centralized_20260310_173449,,KZMET,
centralized_20260310_180848,20260310_180848,2021.0,bert_nonlinear,,,centralized,1,0.0005,1,25,15.0,32,5.0,0.01,1,,5,0.15,336,16,16,22,768,16,3,4,8,16,0.0,499489.0,121636129.0,464.005009,10.0,0.031134,0.112787,0.170422,0.030962,0.113882,0.170944,0.032394,0.04017,0.031614,22.49,-0.00126,0.9611,True,increasing,True,15.0,,,,,,,,464.005009,0.0,0.0,4.22,4523.357996,75.3893,301.55,234.41,260.65,early_stopped,/raid/tin_trungchau/tmp/centralized_20260310_180848,,KZMET,
centralized_20260310_192436,20260310_192436,2021.0,bert_nonlinear,,,centralized,72,0.0005,1,25,6.0,32,5.0,0.01,1,,5,0.15,336,16,16,22,768,16,3,4,8,16,0.0,1699176.0,122835816.0,468.581451,1.0,0.900352,0.734063,0.947996,0.893544,0.731075,0.945068,0.897559,0.900352,1.022507,0.0,0.002793,1.0031,False,increasing,True,6.0,,,,,,,,468.581451,0.0,0.0,,1931.407107,32.190118,321.9,233.3,237.76,early_stopped,/raid/tin_trungchau/tmp/centralized_20260310_192436,,KZMET,
centralized_20260310_195713,20260310_195713,2021.0,llama_nonlinear,,,centralized,1,0.0005,1,25,8.0,32,5.0,0.01,1,,5,0.15,336,16,16,22,768,16,3,4,8,16,0.0,24613921.0,62362657.0,237.894657,3.0,0.084665,0.216457,0.288547,0.084548,0.211151,0.286822,0.077229,0.086049,0.093752,1.61,0.007436,1.0963,False,increasing,True,8.0,,,,,,,,237.894657,0.0,0.0,10.83,4086.200007,68.103333,510.77,414.28,420.1,early_stopped,/raid/tin_trungchau/tmp/centralized_20260310_195713,,VNMET,
centralized_20260310_210539,20260310_210539,,llama_nonlinear,,,centralized,72,0.0005,1,25,,32,,0.01,1,,5,0.15,336,16,16,22,768,16,3,4,8,16,0.0,,,,,,,,,,,,,,,,,,,,,,,,,,,,,0.0,0.0,,,,,,,failed,/raid/tin_trungchau/tmp/centralized_20260310_210539,,VNMET,
centralized_20260311_093322,20260311_093322,2021.0,llama_nonlinear,,,centralized,1,0.0005,1,25,8.0,32,5.0,0.01,1,,5,0.15,336,16,16,22,768,16,3,4,8,16,0.0,24613921.0,62362657.0,237.894657,3.0,0.042511,0.14539,0.202176,0.042562,0.146677,0.202856,0.04156,0.0505,0.055295,15.82,0.000951,1.0229,True,increasing,True,8.0,,,,,,,,237.894657,0.0,0.0,1.97,2362.808787,39.380146,295.35,223.49,236.8,early_stopped,/raid/tin_trungchau/tmp/centralized_20260311_093322,,KZMET,
centralized_20260311_093344,20260311_093344,2021.0,llama_nonlinear,,,centralized,72,0.0005,1,25,10.0,32,5.0,0.01,1,,5,0.15,336,16,16,22,768,16,3,4,8,16,0.0,25813608.0,63562344.0,242.4711,5.0,0.889904,0.725147,0.942497,0.884659,0.722706,0.940367,0.878532,0.911491,0.898216,2.37,0.011372,1.0129,False,increasing,True,10.0,,,,,,,,242.4711,0.0,0.0,3.8,3265.911835,54.431864,326.59,229.86,264.99,early_stopped,/raid/tin_trungchau/tmp/centralized_20260311_093344,,KZMET,
centralized_20260311_101311,20260311_101311,2021.0,bart_nonlinear,,,centralized,1,0.0005,1,25,8.0,32,5.0,0.01,1,,5,0.15,336,16,16,22,768,16,3,4,8,16,0.0,1474849.0,126676513.0,483.232548,3.0,0.038112,0.132548,0.189039,0.037692,0.133121,0.188984,0.040741,0.047651,0.045726,20.02,-0.002629,0.9355,True,decreasing,True,8.0,,,,,,,,483.232548,0.0,0.0,1.24,2407.015163,40.116919,300.86,234.21,239.34,early_stopped,/raid/tin_trungchau/tmp/centralized_20260311_101311,,KZMET,
centralized_20260311_102836,20260311_102836,2021.0,bart_nonlinear,,,centralized,72,0.0005,1,25,8.0,32,5.0,0.01,1,,5,0.15,336,16,16,22,768,16,3,4,8,16,0.0,2674536.0,127876200.0,487.80899,3.0,0.898537,0.730708,0.947028,0.893495,0.728548,0.94503,0.886242,0.911252,0.950699,1.4,0.012295,1.0139,False,increasing,True,8.0,,,,,,,,487.80899,0.0,0.0,5.15,2596.080627,43.26801,324.5,235.81,245.82,early_stopped,/raid/tin_trungchau/tmp/centralized_20260311_102836,,KZMET,
centralized_20260311_105345,20260311_105345,2021.0,bert_nonlinear,,,centralized,1,0.0005,1,25,19.0,32,5.0,0.01,1,,5,0.15,336,16,16,22,768,16,3,4,8,16,0.0,499489.0,121636129.0,464.005009,14.0,0.031486,0.111657,0.17089,0.031104,0.112289,0.170907,0.03236,0.039097,0.031614,19.47,-0.000874,0.973,True,decreasing,True,19.0,,,,,,,,464.005009,0.0,0.0,7.66,5877.896937,97.964949,309.36,239.1,243.32,early_stopped,/raid/tin_trungchau/tmp/centralized_20260311_105345,,KZMET,
centralized_20260311_111218,20260311_111218,2021.0,bert_nonlinear,,,centralized,72,0.0005,1,25,6.0,32,5.0,0.01,1,,5,0.15,336,16,16,22,768,16,3,4,8,16,0.0,1699176.0,122835816.0,468.581451,1.0,0.897921,0.731265,0.946661,0.890732,0.727818,0.943576,0.897108,0.897921,1.037467,0.0,0.000813,1.0009,False,increasing,True,6.0,,,,,,,,468.581451,0.0,0.0,,2015.328546,33.588809,335.89,244.65,246.69,early_stopped,/raid/tin_trungchau/tmp/centralized_20260311_111218,,KZMET,
centralized_20260311_114619,20260311_114619,2021.0,llama_nonlinear,,,centralized,72,0.0005,1,25,7.0,32,5.0,0.01,1,,5,0.15,336,16,16,22,768,16,3,4,8,16,0.0,25813608.0,63562344.0,242.4711,2.0,0.508981,0.544668,0.712317,0.510739,0.535324,0.713478,0.490548,0.514114,0.512707,1.0,0.018433,1.0376,False,decreasing,True,7.0,,,,,,,,242.4711,0.0,0.0,5.31,4109.341949,68.489032,587.05,437.9,502.28,early_stopped,/raid/tin_trungchau/tmp/centralized_20260311_114619,,VNMET,
centralized_20260311_123209,20260311_123209,2021.0,llama_nonlinear,,,centralized,1,0.0005,1,25,6.0,32,5.0,0.01,1,,5,0.15,336,16,16,22,768,16,3,4,8,16,0.0,24613921.0,62362657.0,237.894657,1.0,0.083425,0.212097,0.286316,0.083435,0.207061,0.284481,0.095332,0.083425,0.089919,0.0,-0.011907,0.8751,False,decreasing,True,6.0,,,,,,,,237.894657,0.0,0.0,,3092.015827,51.533597,515.33,417.36,419.26,early_stopped,/raid/tin_trungchau/tmp/centralized_20260311_123209,,VNMET,
centralized_20260311_125509,20260311_125509,2021.0,bart_nonlinear,,,centralized,72,0.0005,1,25,8.0,32,5.0,0.01,1,,5,0.15,336,16,16,22,768,16,3,4,8,16,0.0,2674536.0,127876200.0,487.80899,3.0,0.511057,0.54438,0.713623,0.510513,0.535044,0.713211,0.483804,0.51217,0.520725,0.22,0.027253,1.0563,False,increasing,True,8.0,,,,,,,,487.80899,0.0,0.0,12.87,4709.47173,78.491195,588.67,456.3,466.39,early_stopped,/raid/tin_trungchau/tmp/centralized_20260311_125509,,VNMET,
centralized_20260311_132401,20260311_132401,2021.0,bart_nonlinear,,,centralized,1,0.0005,1,25,6.0,32,5.0,0.01,1,,5,0.15,336,16,16,22,768,16,3,4,8,16,0.0,1474849.0,126676513.0,483.232548,1.0,0.081331,0.208187,0.282489,0.081557,0.203236,0.280822,0.084057,0.081331,0.082231,0.0,-0.002726,0.9676,False,decreasing,True,6.0,,,,,,,,483.232548,0.0,0.0,,3238.090925,53.968182,539.68,450.54,457.7,early_stopped,/raid/tin_trungchau/tmp/centralized_20260311_132401,,VNMET,
centralized_20260311_141359,20260311_141359,2021.0,bert_nonlinear,,,centralized,72,0.0005,1,25,7.0,32,5.0,0.01,1,,5,0.15,336,16,16,22,768,16,3,4,8,16,0.0,1699176.0,122835816.0,468.581451,2.0,0.509371,0.542302,0.712418,0.513318,0.534869,0.715125,0.481663,0.5132,0.53595,0.75,0.027708,1.0575,False,increasing,True,7.0,,,,,,,,468.581451,0.0,0.0,6.52,4182.053311,69.700889,597.43,460.35,514.2,early_stopped,/raid/tin_trungchau/tmp/centralized_20260311_141359,,VNMET,
centralized_20260311_141820,20260311_141820,2021.0,bert_nonlinear,,,centralized,1,0.0005,1,25,7.0,32,5.0,0.01,1,,5,0.15,336,16,16,22,768,16,3,4,8,16,0.0,499489.0,121636129.0,464.005009,2.0,0.080791,0.207679,0.281458,0.080706,0.202428,0.279155,0.078025,0.087645,0.082205,7.82,0.002766,1.0355,True,decreasing,True,7.0,,,,,,,,464.005009,0.0,0.0,1.52,3860.414418,64.34024,551.48,457.25,466.64,early_stopped,/raid/tin_trungchau/tmp/centralized_20260311_141820,,VNMET,
centralized_20260315_124908,20260315_124908,2021.0,gpt4ts_nonlinear,,,centralized,72,0.0001,1,25,8.0,512,5.0,0.01,1,,5,0.15,336,8,4,84,768,128,5,6,8,16,0.0,6141712.0,87247888.0,332.82428,3.0,0.897463,0.736099,0.949303,0.890711,0.732103,0.946231,0.885406,0.907065,0.9668,1.06,0.012057,1.0136,False,increasing,True,8.0,,,,,,,,332.82428,0.0,0.0,21.64,8512.243152,141.870719,1064.03,851.74,853.36,early_stopped,/raid/tin_trungchau/tmp/centralized_20260315_124908,,KZMET,
centralized_20260315_163620,20260315_163620,2021.0,gpt4ts_nonlinear,,,centralized,72,0.0001,1,25,7.0,512,5.0,0.01,1,,5,0.15,336,8,4,84,768,128,5,6,8,16,0.0,6141712.0,87247888.0,332.82428,2.0,0.508428,0.543971,0.712561,0.511635,0.53547,0.714571,0.482308,0.510659,0.565107,0.44,0.02612,1.0542,False,increasing,True,7.0,,,,,,,,332.82428,0.0,0.0,,13747.381201,229.12302,1963.91,1601.31,1601.81,early_stopped,/raid/tin_trungchau/tmp/centralized_20260315_163620,,VNMET,
centralized_20260317_030457,20260317_030457,2021.0,gpt4ts_nonlinear_attnres,,,centralized,1,0.0005,1,25,13.0,32,5.0,0.01,1,,5,0.15,336,16,16,22,768,16,3,4,8,16,0.0,1226017.0,68162593.0,260.019657,8.0,0.080894,0.207103,0.281449,0.080601,0.20182,0.278943,0.077325,0.092421,0.08229,12.47,0.003569,1.0462,True,increasing,True,13.0,,,,,,,,260.019657,0.0,0.0,3.96,8810.136079,146.835601,677.7,563.48,567.59,early_stopped,/raid/tin_trungchau/tmp/centralized_20260317_030457,,VNMET,
centralized_20260317_053208,20260317_053208,2021.0,gpt4ts_nonlinear_attnres,,,centralized,72,0.0005,1,25,9.0,32,5.0,0.01,1,,5,0.15,336,16,16,22,768,16,3,4,8,16,0.0,2425704.0,69362280.0,264.5961,4.0,0.508021,0.543076,0.711494,0.507394,0.533781,0.711121,0.48634,0.513011,0.509647,0.97,0.021681,1.0446,False,increasing,True,9.0,,,,,,,,264.5961,0.0,0.0,22.06,6375.984423,106.266407,708.44,550.2,552.72,early_stopped,/raid/tin_trungchau/tmp/centralized_20260317_053208,,VNMET,
centralized_20260317_071844,20260317_071844,2021.0,gpt4ts_nonlinear_attnres,,,centralized,432,0.0005,1,25,12.0,32,5.0,0.01,1,,5,0.15,336,16,16,22,768,16,3,4,8,16,0.0,8508624.0,75445200.0,287.800598,7.0,0.83563,0.699031,0.912448,0.813355,0.683668,0.898323,0.746197,0.843263,0.861499,0.91,0.089433,1.1199,False,increasing,True,12.0,,,,,,,,287.800598,0.0,0.0,13.2,11675.988957,194.599816,973.0,573.76,585.77,early_stopped,/raid/tin_trungchau/tmp/centralized_20260317_071844,,VNMET,
centralized_20260402_233537,20260402_233537,,gpt4ts_nonlinear,fft,False,centralized,72,0.0001,1,25,,512,,0.01,1,,5,0.15,336,8,4,84,768,128,5,6,8,16,0.0,,,,,,,,,,,,,,,,,,,,,,,,,,,,,0.0,0.0,,,,,,,failed,/raid/tin_trungchau/tmp/centralized_20260402_233537,,KZMET,
centralized_20260403_000847,20260403_000847,,gpt4ts_nonlinear,fft,True,centralized,1,0.0001,1,25,,512,,0.01,1,,5,0.15,336,8,4,84,768,128,5,6,8,16,0.0,,,,,,,,,,,,,,,,,,,,,,,,,,,,,0.0,0.0,,,,,,,failed,/raid/tin_trungchau/tmp/centralized_20260403_000847,,KZMET,
centralized_20260403_000925,20260403_000925,,gpt4ts_nonlinear,fft,True,centralized,1,0.0001,1,25,,512,,0.01,1,,5,0.15,336,8,4,84,768,128,5,6,8,16,0.0,,,,,,,,,,,,,,,,,,,,,,,,,,,,,0.0,0.0,,,,,,,failed,/raid/tin_trungchau/tmp/centralized_20260403_000925,,GREECE,
centralized_20260403_001002,20260403_001002,,gpt4ts_nonlinear,fft,True,centralized,1,0.0001,1,25,,512,,0.01,1,,5,0.15,336,8,4,84,768,128,5,6,8,16,0.0,,,,,,,,,,,,,,,,,,,,,,,,,,,,,0.0,0.0,,,,,,,failed,/raid/tin_trungchau/tmp/centralized_20260403_001002,,VNMET,
centralized_20260403_001628,20260403_001628,2021.0,gpt4ts_nonlinear,fft,True,centralized,1,0.0005,1,25,22.0,32,5.0,0.01,1,,5,0.15,336,16,16,22,768,16,3,4,8,16,0.0,67767841.0,67767841.0,258.513798,17.0,0.032975,0.118552,0.181601,0.031629,0.118683,0.17788,0.032937,0.047097,0.038089,29.98,3.8e-05,1.0012,True,increasing,True,22.0,,,,,,,,258.513798,0.0,0.0,5.13,10592.332968,176.538883,481.47,388.47,693.68,early_stopped,/raid/tin_trungchau/tmp/centralized_20260403_001628,,KZMET,
centralized_20260403_001722,20260403_001722,2021.0,gpt4ts_nonlinear,fft,True,centralized,1,0.0005,1,25,9.0,32,10.0,0.01,1,,5,0.15,336,16,16,22,768,16,3,4,8,16,0.0,67767841.0,67767841.0,258.513798,4.0,0.02675,0.113292,0.162803,0.02715,0.113898,0.164869,0.03646,0.038167,0.027163,29.91,-0.00971,0.7337,True,decreasing,True,9.0,,,,,,,,258.513798,0.0,0.0,1.2,2432.636608,40.543943,270.29,223.25,230.4,early_stopped,/raid/tin_trungchau/tmp/centralized_20260403_001722,,GREECE,
centralized_20260403_001726,20260403_001726,2021.0,gpt4ts_nonlinear,fft,True,centralized,1,0.0005,1,25,14.0,32,5.0,0.01,1,,5,0.15,336,16,16,22,768,16,3,4,8,16,0.0,67767841.0,67767841.0,258.513798,9.0,0.081363,0.210086,0.2827,0.081344,0.20479,0.280781,0.076856,0.085307,0.085459,4.62,0.004507,1.0586,False,decreasing,True,14.0,,,,,,,,258.513798,0.0,0.0,13.29,17044.668535,284.077809,1217.47,1028.64,1300.66,early_stopped,/raid/tin_trungchau/tmp/centralized_20260403_001726,,VNMET,
centralized_20260403_005813,20260403_005813,,gpt4ts_nonlinear,peft,True,centralized,1,0.0005,1,25,,32,,0.01,1,,5,0.15,336,16,16,22,768,16,3,4,8,16,0.0,,,,,,,,,,,,,,,,,,,,,,,,,,,,,0.0,0.0,,,,,,,failed,/raid/tin_trungchau/tmp/centralized_20260403_005813,,GREECE,
centralized_20260403_005821,20260403_005821,2021.0,gpt4ts_nonlinear,adalora,True,centralized,1,0.0005,1,25,11.0,32,10.0,0.01,1,,5,0.15,336,16,16,22,768,16,3,4,8,16,0.0,1421281.0,68357873.0,260.764591,6.0,0.02676,0.113557,0.162817,0.026816,0.11385,0.163847,0.033716,0.028158,0.033331,4.96,-0.006956,0.7937,False,increasing,True,11.0,,,,,,,,260.764591,0.0,0.0,19.86,3499.037422,58.31729,318.09,246.01,366.55,early_stopped,/raid/tin_trungchau/tmp/centralized_20260403_005821,,GREECE,
centralized_20260403_015700,20260403_015700,2021.0,gpt4ts_nonlinear,lora,True,centralized,1,0.0005,1,25,12.0,32,10.0,0.01,1,,5,0.15,336,16,16,22,768,16,3,4,8,16,0.0,1224481.0,68161057.0,260.013798,7.0,0.025391,0.109369,0.158521,0.026176,0.111746,0.161877,0.033355,0.028917,0.029168,12.19,-0.007964,0.7612,True,increasing,True,12.0,,,,,,,,260.013798,0.0,0.0,7.03,2913.647024,48.560784,242.8,191.14,209.53,early_stopped,/raid/tin_trungchau/tmp/centralized_20260403_015700,,GREECE,
centralized_20260403_024554,20260403_024554,2021.0,gpt4ts_nonlinear,fft,True,centralized,72,0.0005,1,25,6.0,32,10.0,0.01,1,,5,0.15,336,16,16,22,768,16,3,4,8,16,0.0,68967528.0,68967528.0,263.09024,1.0,0.798527,0.64295,0.89426,0.606051,0.561446,0.778286,0.454815,0.798527,1.010037,0.0,0.343712,1.7557,False,decreasing,True,6.0,,,,,,,,263.09024,0.0,0.0,,1674.020726,27.900345,279.0,223.19,230.76,early_stopped,/raid/tin_trungchau/tmp/centralized_20260403_024554,,GREECE,
centralized_20260403_031347,20260403_031347,,gpt4ts_nonlinear,peft,True,centralized,1,0.0005,1,25,,32,,0.01,1,,5,0.15,336,16,16,22,768,16,3,4,8,16,0.0,,,,,,,,,,,,,,,,,,,,,,,,,,,,,0.0,0.0,,,,,,,failed,/raid/tin_trungchau/tmp/centralized_20260403_031347,,KZMET,
centralized_20260403_031356,20260403_031356,2021.0,gpt4ts_nonlinear,adalora,True,centralized,1,0.0005,1,25,23.0,32,5.0,0.01,1,,5,0.15,336,16,16,22,768,16,3,4,8,16,0.0,1421281.0,68357873.0,260.764591,18.0,0.031968,0.113388,0.178795,0.030759,0.112561,0.175417,0.031896,0.04329,0.032465,26.15,7.2e-05,1.0023,True,decreasing,True,23.0,,,,,,,,260.764591,0.0,0.0,6.68,10425.618877,173.760315,453.28,366.23,373.48,early_stopped,/raid/tin_trungchau/tmp/centralized_20260403_031356,,KZMET,
centralized_20260403_031407,20260403_031407,,gpt4ts_nonlinear,peft,True,centralized,72,0.0005,1,25,,32,,0.01,1,,5,0.15,336,16,16,22,768,16,3,4,8,16,0.0,,,,,,,,,,,,,,,,,,,,,,,,,,,,,0.0,0.0,,,,,,,failed,/raid/tin_trungchau/tmp/centralized_20260403_031407,,GREECE,
centralized_20260403_031416,20260403_031416,2021.0,gpt4ts_nonlinear,adalora,True,centralized,72,0.0005,1,25,6.0,32,10.0,0.01,1,,5,0.15,336,16,16,22,768,16,3,4,8,16,0.0,2620968.0,69557560.0,265.341034,1.0,0.764485,0.604724,0.875089,0.634933,0.560576,0.796987,0.456229,0.764485,0.897741,0.0,0.308256,1.6757,False,decreasing,True,6.0,,,,,,,,265.341034,0.0,0.0,,1638.449572,27.307493,273.07,208.06,217.95,early_stopped,/raid/tin_trungchau/tmp/centralized_20260403_031416,,GREECE,
centralized_20260403_034154,20260403_034154,2021.0,gpt4ts_nonlinear,lora,True,centralized,72,0.0005,1,25,13.0,32,10.0,0.01,1,,5,0.15,336,16,16,22,768,16,3,4,8,16,0.0,2424168.0,69360744.0,264.59024,8.0,0.946541,0.703434,0.974068,0.802545,0.63848,0.896207,0.097545,0.964115,0.948717,1.82,0.848996,9.7036,False,decreasing,True,13.0,,,,,,,,264.59024,0.0,0.0,,3315.322129,55.255369,255.02,194.44,206.24,early_stopped,/raid/tin_trungchau/tmp/centralized_20260403_034154,,GREECE,
centralized_20260403_043732,20260403_043732,2021.0,gpt4ts_nonlinear,fft,True,centralized,432,0.0005,1,25,6.0,32,10.0,0.01,1,,5,0.15,336,16,16,22,768,16,3,4,8,16,0.0,75050448.0,75050448.0,286.294739,1.0,1.871353,1.006292,1.368605,1.450957,0.858782,1.20503,0.76697,1.871353,2.022936,0.0,1.104383,2.4399,False,increasing,True,6.0,,,,,,,,286.294739,0.0,0.0,,1869.343258,31.155721,311.56,214.47,228.39,early_stopped,/raid/tin_trungchau/tmp/centralized_20260403_043732,,GREECE,
centralized_20260403_050154,20260403_050154,,gpt4ts_nonlinear,peft,True,centralized,1,0.0005,1,25,,32,,0.01,1,,5,0.15,336,16,16,22,768,16,3,4,8,16,0.0,,,,,,,,,,,,,,,,,,,,,,,,,,,,,0.0,0.0,,,,,,,failed,/raid/tin_trungchau/tmp/centralized_20260403_050154,,VNMET,
centralized_20260403_050204,20260403_050204,2021.0,gpt4ts_nonlinear,adalora,True,centralized,1,0.0005,1,25,10.0,32,5.0,0.01,1,,5,0.15,336,16,16,22,768,16,3,4,8,16,0.0,1421281.0,68357873.0,260.764591,5.0,0.080703,0.208491,0.281317,0.080416,0.202866,0.278923,0.076966,0.09567,0.08169,15.64,0.003737,1.0486,True,decreasing,True,10.0,,,,,,,,260.764591,0.0,0.0,2.19,11572.448084,192.874135,1157.24,953.17,1037.45,early_stopped,/raid/tin_trungchau/tmp/centralized_20260403_050204,,VNMET,
centralized_20260403_050903,20260403_050903,,gpt4ts_nonlinear,peft,True,centralized,432,0.0005,1,25,,32,,0.01,1,,5,0.15,336,16,16,22,768,16,3,4,8,16,0.0,,,,,,,,,,,,,,,,,,,,,,,,,,,,,0.0,0.0,,,,,,,failed,/raid/tin_trungchau/tmp/centralized_20260403_050903,,GREECE,
centralized_20260403_050912,20260403_050912,2021.0,gpt4ts_nonlinear,adalora,True,centralized,432,0.0005,1,25,11.0,32,10.0,0.01,1,,5,0.15,336,16,16,22,768,16,3,4,8,16,0.0,8703888.0,75640480.0,288.545532,6.0,1.952856,1.036317,1.400472,1.41275,0.861475,1.189645,0.217145,2.02609,2.058989,3.61,1.735711,8.9933,False,decreasing,True,11.0,,,,,,,,288.545532,0.0,0.0,2.82,3265.342928,54.422382,296.85,194.37,201.9,early_stopped,/raid/tin_trungchau/tmp/centralized_20260403_050912,,GREECE,
centralized_20260403_060357,20260403_060357,2021.0,gpt4ts_nonlinear,lora,True,centralized,432,0.0005,1,25,6.0,32,10.0,0.01,1,,5,0.15,336,16,16,22,768,16,3,4,8,16,0.0,8507088.0,75443664.0,287.794739,1.0,1.849057,1.004259,1.359724,1.553775,0.886905,1.24689,0.858354,1.849057,2.146873,0.0,0.990703,2.1542,False,increasing,True,6.0,,,,,,,,287.794739,0.0,0.0,,1963.080986,32.718016,327.18,206.7,212.47,early_stopped,/raid/tin_trungchau/tmp/centralized_20260403_060357,,GREECE,
centralized_20260403_060813,20260403_060813,2021.0,gpt4ts_nonlinear,lora,True,centralized,1,0.0005,1,25,20.0,32,5.0,0.01,1,,5,0.15,336,16,16,22,768,16,3,4,8,16,0.0,1224481.0,68161057.0,260.013798,15.0,0.03253,0.116321,0.180369,0.031037,0.115531,0.176204,0.033294,0.037748,0.034899,13.82,-0.000764,0.9771,True,decreasing,True,20.0,,,,,,,,260.013798,0.0,0.0,10.61,7785.141221,129.752354,389.25,306.65,309.62,early_stopped,/raid/tin_trungchau/tmp/centralized_20260403_060813,,KZMET,
centralized_20260403_063711,20260403_063711,2021.0,gpt4ts_nonlinear,fft,True,centralized,1,0.0005,1,25,23.0,32,5.0,0.01,1,,5,0.15,336,16,16,22,768,16,3,4,8,16,0.0,67767841.0,67767841.0,258.513798,18.0,0.023473,0.102752,0.152277,0.024215,0.103955,0.154521,0.026124,0.049352,0.025989,52.44,-0.002651,0.8985,True,increasing,True,23.0,,,,,,,,258.513798,0.0,0.0,2.81,9152.119169,152.535319,397.91,330.78,350.27,early_stopped,/raid/tin_trungchau/tmp/centralized_20260403_063711,,CAPITALS,
centralized_20260403_081523,20260403_081523,2021.0,gpt4ts_nonlinear,lora,True,centralized,1,0.0005,1,25,8.0,32,5.0,0.01,1,,5,0.15,336,16,16,22,768,16,3,4,8,16,0.0,1224481.0,68161057.0,260.013798,3.0,0.081297,0.209711,0.28243,0.081391,0.20467,0.280619,0.078425,0.093611,0.081552,13.15,0.002872,1.0366,True,decreasing,True,8.0,,,,,,,,260.013798,0.0,0.0,1.75,8538.274238,142.304571,1067.28,858.22,941.73,early_stopped,/raid/tin_trungchau/tmp/centralized_20260403_081523,,VNMET,
centralized_20260403_081831,20260403_081831,2021.0,gpt4ts_nonlinear,fft,True,centralized,72,0.0005,1,25,6.0,32,5.0,0.01,1,,5,0.15,336,16,16,22,768,16,3,4,8,16,0.0,68967528.0,68967528.0,263.09024,1.0,0.776854,0.643899,0.881617,0.823103,0.670534,0.907371,0.74641,0.776854,0.90859,0.0,0.030444,1.0408,False,decreasing,True,6.0,,,,,,,,263.09024,0.0,0.0,,2490.963587,41.51606,415.16,318.03,320.58,early_stopped,/raid/tin_trungchau/tmp/centralized_20260403_081831,,KZMET,
centralized_20260403_090032,20260403_090032,,gpt4ts_nonlinear,peft,True,centralized,72,0.0005,1,25,,32,,0.01,1,,5,0.15,336,16,16,22,768,16,3,4,8,16,0.0,,,,,,,,,,,,,,,,,,,,,,,,,,,,,0.0,0.0,,,,,,,failed,/raid/tin_trungchau/tmp/centralized_20260403_090032,,KZMET,
centralized_20260403_090040,20260403_090040,2021.0,gpt4ts_nonlinear,adalora,True,centralized,72,0.0005,1,25,6.0,32,5.0,0.01,1,,5,0.15,336,16,16,22,768,16,3,4,8,16,0.0,2620968.0,69557560.0,265.341034,1.0,0.807098,0.649249,0.898581,0.850556,0.672428,0.922368,0.745968,0.807098,1.060888,0.0,0.06113,1.0819,False,increasing,True,6.0,,,,,,,,265.341034,0.0,0.0,,2778.697228,46.31162,463.11,353.32,358.73,early_stopped,/raid/tin_trungchau/tmp/centralized_20260403_090040,,KZMET,
centralized_20260403_091004,20260403_091004,,gpt4ts_nonlinear,peft,True,centralized,1,0.0005,1,25,,32,,0.01,1,,5,0.15,336,16,16,22,768,16,3,4,8,16,0.0,,,,,,,,,,,,,,,,,,,,,,,,,,,,,0.0,0.0,,,,,,,failed,/raid/tin_trungchau/tmp/centralized_20260403_091004,,CAPITALS,
centralized_20260403_091014,20260403_091014,2021.0,gpt4ts_nonlinear,adalora,True,centralized,1,0.0005,1,25,8.0,32,5.0,0.01,1,,5,0.15,336,16,16,22,768,16,3,4,8,16,0.0,1421281.0,68357873.0,260.764591,3.0,0.025176,0.108934,0.15773,0.02655,0.110889,0.161947,0.03203,0.039192,0.027046,35.76,-0.006854,0.786,True,increasing,True,8.0,,,,,,,,260.764591,0.0,0.0,0.96,3548.552196,59.142537,443.56,351.33,362.79,early_stopped,/raid/tin_trungchau/tmp/centralized_20260403_091014,,CAPITALS,
centralized_20260403_094728,20260403_094728,2021.0,gpt4ts_nonlinear,lora,True,centralized,72,0.0005,1,25,6.0,32,5.0,0.01,1,,5,0.15,336,16,16,22,768,16,3,4,8,16,0.0,2424168.0,69360744.0,264.59024,1.0,0.806833,0.663778,0.898436,0.85664,0.688969,0.925665,0.742429,0.806833,1.069542,0.0,0.064404,1.0867,False,increasing,True,6.0,,,,,,,,264.59024,0.0,0.0,,2481.123191,41.352053,413.52,304.84,314.15,early_stopped,/raid/tin_trungchau/tmp/centralized_20260403_094728,,KZMET,
centralized_20260403_100942,20260403_100942,2021.0,gpt4ts_nonlinear,lora,True,centralized,1,0.0005,1,25,9.0,32,5.0,0.01,1,,5,0.15,336,16,16,22,768,16,3,4,8,16,0.0,1224481.0,68161057.0,260.013798,4.0,0.024964,0.106993,0.15703,0.025833,0.108195,0.159759,0.028185,0.029935,0.029347,16.61,-0.003221,0.8857,True,increasing,True,9.0,,,,,,,,260.013798,0.0,0.0,3.1,3272.755677,54.545928,363.64,288.83,336.9,early_stopped,/raid/tin_trungchau/tmp/centralized_20260403_100942,,CAPITALS,
centralized_20260403_102922,20260403_102922,2021.0,gpt4ts_nonlinear,fft,True,centralized,432,0.0005,1,25,9.0,32,5.0,0.01,1,,5,0.15,336,16,16,22,768,16,3,4,8,16,0.0,75050448.0,75050448.0,286.294739,4.0,1.009558,0.744372,1.004972,1.071822,0.771615,1.035552,0.075554,1.092553,1.016175,7.6,0.934004,13.3621,True,increasing,True,9.0,,,,,,,,286.294739,0.0,0.0,1.2,5000.979628,83.34966,555.66,327.69,339.8,early_stopped,/raid/tin_trungchau/tmp/centralized_20260403_102922,,KZMET,
centralized_20260403_103806,20260403_103806,2021.0,gpt4ts_nonlinear,fft,True,centralized,72,0.0005,1,25,10.0,32,5.0,0.01,1,,5,0.15,336,16,16,22,768,16,3,4,8,16,0.0,68967528.0,68967528.0,263.09024,5.0,0.510792,0.545573,0.713618,0.505795,0.534408,0.709962,0.480252,0.514741,0.519007,0.77,0.03054,1.0636,False,increasing,True,10.0,,,,,,,,263.09024,0.0,0.0,22.75,12413.627404,206.89379,1241.36,1016.57,1088.59,early_stopped,/raid/tin_trungchau/tmp/centralized_20260403_103806,,VNMET,
centralized_20260403_110433,20260403_110433,2021.0,gpt4ts_nonlinear,fft,True,centralized,72,0.0005,1,25,8.0,32,5.0,0.01,1,,5,0.15,336,16,16,22,768,16,3,4,8,16,0.0,68967528.0,68967528.0,263.09024,3.0,0.840801,0.703488,0.916531,0.856865,0.703292,0.925207,0.86092,0.842215,0.870084,0.17,-0.020119,0.9766,False,increasing,True,8.0,,,,,,,,263.09024,0.0,0.0,,3440.457681,57.340961,430.06,353.02,375.94,early_stopped,/raid/tin_trungchau/tmp/centralized_20260403_110433,,CAPITALS,
centralized_20260403_115315,20260403_115315,,gpt4ts_nonlinear,peft,True,centralized,432,0.0005,1,25,,32,,0.01,1,,5,0.15,336,16,16,22,768,16,3,4,8,16,0.0,,,,,,,,,,,,,,,,,,,,,,,,,,,,,0.0,0.0,,,,,,,failed,/raid/tin_trungchau/tmp/centralized_20260403_115315,,KZMET,
centralized_20260403_115323,20260403_115323,2021.0,gpt4ts_nonlinear,adalora,True,centralized,432,0.0005,1,25,6.0,32,5.0,0.01,1,,5,0.15,336,16,16,22,768,16,3,4,8,16,0.0,8703888.0,75640480.0,288.545532,1.0,0.832372,0.662177,0.912541,0.91075,0.697682,0.954458,0.811735,0.832372,1.094762,0.0,0.020637,1.0254,False,increasing,True,6.0,,,,,,,,288.545532,0.0,0.0,,3395.853357,56.597556,565.97,333.64,334.73,early_stopped,/raid/tin_trungchau/tmp/centralized_20260403_115323,,KZMET,
centralized_20260403_120211,20260403_120211,,gpt4ts_nonlinear,peft,True,centralized,72,0.0005,1,25,,32,,0.01,1,,5,0.15,336,16,16,22,768,16,3,4,8,16,0.0,,,,,,,,,,,,,,,,,,,,,,,,,,,,,0.0,0.0,,,,,,,failed,/raid/tin_trungchau/tmp/centralized_20260403_120211,,CAPITALS,
centralized_20260403_120219,20260403_120219,2021.0,gpt4ts_nonlinear,adalora,True,centralized,72,0.0005,1,25,6.0,32,5.0,0.01,1,,5,0.15,336,16,16,22,768,16,3,4,8,16,0.0,2620968.0,69557560.0,265.341034,1.0,0.844756,0.70618,0.91864,0.857381,0.704797,0.925505,0.878482,0.844756,0.858661,0.0,-0.033726,0.9616,False,increasing,True,6.0,,,,,,,,265.341034,0.0,0.0,,2494.417532,41.573626,415.73,328.04,350.94,early_stopped,/raid/tin_trungchau/tmp/centralized_20260403_120219,,CAPITALS,
centralized_20260403_124410,20260403_124410,2021.0,gpt4ts_nonlinear,lora,True,centralized,72,0.0005,1,25,7.0,32,5.0,0.01,1,,5,0.15,336,16,16,22,768,16,3,4,8,16,0.0,2424168.0,69360744.0,264.59024,2.0,0.845192,0.705541,0.918835,0.864552,0.706683,0.929393,0.863791,0.860754,0.90341,1.81,-0.018599,0.9785,False,increasing,True,7.0,,,,,,,,264.59024,0.0,0.0,1.81,2807.786538,46.796442,401.11,309.41,338.53,early_stopped,/raid/tin_trungchau/tmp/centralized_20260403_124410,,CAPITALS,
centralized_20260403_125026,20260403_125026,2021.0,gpt4ts_nonlinear,lora,True,centralized,432,0.0005,1,25,6.0,32,5.0,0.01,1,,5,0.15,336,16,16,22,768,16,3,4,8,16,0.0,8507088.0,75443664.0,287.794739,1.0,0.91187,0.701517,0.955162,0.986961,0.732038,0.993644,0.789246,0.91187,1.087799,0.0,0.122624,1.1554,False,decreasing,True,6.0,,,,,,,,287.794739,0.0,0.0,,3084.372582,51.40621,514.06,285.35,293.04,early_stopped,/raid/tin_trungchau/tmp/centralized_20260403_125026,,KZMET,
centralized_20260403_133115,20260403_133115,2021.0,gpt4ts_nonlinear,fft,True,centralized,432,0.0005,1,25,7.0,32,5.0,0.01,1,,5,0.15,336,16,16,22,768,16,3,4,8,16,0.0,75050448.0,75050448.0,286.294739,2.0,1.056751,0.796845,1.027023,1.044833,0.781398,1.020789,0.998912,1.059267,1.306495,0.24,0.057839,1.0579,False,increasing,True,7.0,,,,,,,,286.294739,0.0,0.0,3.65,3094.161237,51.569354,442.02,291.61,379.91,early_stopped,/raid/tin_trungchau/tmp/centralized_20260403_133115,,CAPITALS,
centralized_20260403_161242,20260403_161242,2021.0,gpt4ts_linear,fft,True,centralized,1,0.0005,1,25,8.0,32,10.0,0.01,1,,5,0.15,336,16,16,22,768,16,3,4,8,16,0.0,67766785.0,67766785.0,258.509769,3.0,0.026769,0.112983,0.162823,0.027389,0.114842,0.165592,0.038406,0.033515,0.028388,20.13,-0.011637,0.697,True,decreasing,True,8.0,,,,,,,,258.509769,0.0,0.0,1.91,1132.396341,18.873272,141.55,116.6,124.72,early_stopped,/raid/tin_trungchau/tmp/centralized_20260403_161242,,GREECE,
centralized_20260403_163151,20260403_163151,2021.0,gpt4ts_linear,peft,True,centralized,1,0.0005,1,25,10.0,32,10.0,0.01,1,,5,0.15,336,16,16,22,768,16,3,4,8,16,0.0,830209.0,67766785.0,258.509769,5.0,0.028077,0.11556,0.166817,0.028361,0.116994,0.168502,0.035762,0.034661,0.030957,19.0,-0.007685,0.7851,True,decreasing,True,10.0,,,,,,,,258.509769,0.0,0.0,2.69,1014.11365,16.901894,101.41,77.29,80.3,early_stopped,/raid/tin_trungchau/tmp/centralized_20260403_163151,,GREECE,
centralized_20260403_164901,20260403_164901,2021.0,gpt4ts_linear,adalora,True,centralized,1,0.0005,1,25,9.0,32,10.0,0.01,1,,5,0.15,336,16,16,22,768,16,3,4,8,16,0.0,830209.0,67766785.0,258.509769,4.0,0.026535,0.112702,0.161994,0.026998,0.113888,0.164399,0.036242,0.031501,0.03407,15.76,-0.009707,0.7322,True,increasing,True,9.0,,,,,,,,258.509769,0.0,0.0,2.79,907.080923,15.118015,100.79,76.66,79.55,early_stopped,/raid/tin_trungchau/tmp/centralized_20260403_164901,,GREECE,
centralized_20260403_170423,20260403_170423,2021.0,gpt4ts_linear,lora,True,centralized,1,0.0005,1,25,12.0,32,10.0,0.01,1,,5,0.15,336,16,16,22,768,16,3,4,8,16,0.0,830209.0,67766785.0,258.509769,7.0,0.027003,0.114341,0.163466,0.027174,0.114765,0.164936,0.034343,0.03933,0.02955,31.34,-0.00734,0.7863,True,decreasing,True,12.0,,,,,,,,258.509769,0.0,0.0,3.04,1196.676708,19.944612,99.72,75.77,77.74,early_stopped,/raid/tin_trungchau/tmp/centralized_20260403_170423,,GREECE,
centralized_20260403_172436,20260403_172436,2021.0,gpt4ts_linear,fft,True,centralized,72,0.0005,1,25,10.0,32,10.0,0.01,1,,5,0.15,336,16,16,22,768,16,3,4,8,16,0.0,68966472.0,68966472.0,263.086212,5.0,0.732438,0.631374,0.856628,0.606273,0.563223,0.778483,0.078957,0.785349,0.806543,6.74,0.653481,9.2764,True,increasing,True,10.0,,,,,,,,263.086212,0.0,0.0,9.05,1472.498566,24.541643,147.25,113.64,119.87,early_stopped,/raid/tin_trungchau/tmp/centralized_20260403_172436,,GREECE,
centralized_20260403_174923,20260403_174923,2021.0,gpt4ts_linear,peft,True,centralized,72,0.0005,1,25,6.0,32,10.0,0.01,1,,5,0.15,336,16,16,22,768,16,3,4,8,16,0.0,2029896.0,68966472.0,263.086212,1.0,0.677325,0.57434,0.823904,0.579434,0.539903,0.761274,0.491674,0.677325,0.720929,0.0,0.185651,1.3776,False,decreasing,True,6.0,,,,,,,,263.086212,0.0,0.0,,667.548842,11.125814,111.26,77.57,81.75,early_stopped,/raid/tin_trungchau/tmp/centralized_20260403_174923,,GREECE,
centralized_20260403_180047,20260403_180047,2021.0,gpt4ts_linear,adalora,True,centralized,72,0.0005,1,25,6.0,32,10.0,0.01,1,,5,0.15,336,16,16,22,768,16,3,4,8,16,0.0,2029896.0,68966472.0,263.086212,1.0,0.667623,0.575053,0.818008,0.577787,0.544554,0.760288,0.50092,0.667623,0.799065,0.0,0.166703,1.3328,False,increasing,True,6.0,,,,,,,,263.086212,0.0,0.0,,653.142613,10.88571,108.86,76.16,77.0,early_stopped,/raid/tin_trungchau/tmp/centralized_20260403_180047,,GREECE,
centralized_20260403_181156,20260403_181156,2021.0,gpt4ts_linear,lora,True,centralized,72,0.0005,1,25,7.0,32,10.0,0.01,1,,5,0.15,336,16,16,22,768,16,3,4,8,16,0.0,2029896.0,68966472.0,263.086212,2.0,0.669175,0.578083,0.818947,0.577326,0.54532,0.759707,0.41302,0.695598,0.735386,3.8,0.256155,1.6202,False,increasing,True,7.0,,,,,,,,263.086212,0.0,0.0,1.49,765.054622,12.75091,109.29,76.48,79.22,early_stopped,/raid/tin_trungchau/tmp/centralized_20260403_181156,,GREECE,
centralized_20260403_182456,20260403_182456,2021.0,gpt4ts_linear,fft,True,centralized,432,0.0005,1,25,13.0,32,10.0,0.01,1,,5,0.15,336,16,16,22,768,16,3,4,8,16,0.0,75049392.0,75049392.0,286.29071,8.0,1.418311,0.889908,1.190701,0.96236,0.719601,0.980969,0.045165,1.718081,1.467878,17.45,1.373146,31.4029,True,decreasing,True,13.0,,,,,,,,286.29071,0.0,0.0,0.8,2527.129557,42.118826,194.39,119.18,124.76,early_stopped,/raid/tin_trungchau/tmp/centralized_20260403_182456,,GREECE,
centralized_20260403_190720,20260403_190720,2021.0,gpt4ts_linear,peft,True,centralized,432,0.0005,1,25,7.0,32,10.0,0.01,1,,5,0.15,336,16,16,22,768,16,3,4,8,16,0.0,8112816.0,75049392.0,286.29071,2.0,1.5386,0.928451,1.241693,0.956023,0.697361,0.977668,0.787937,1.627242,1.84828,5.45,0.750663,1.9527,True,increasing,True,7.0,,,,,,,,286.29071,0.0,0.0,1.5,1141.032203,19.017203,163.0,85.55,89.46,early_stopped,/raid/tin_trungchau/tmp/centralized_20260403_190720,,GREECE,
centralized_20260403_192637,20260403_192637,2021.0,gpt4ts_linear,adalora,True,centralized,432,0.0005,1,25,6.0,32,10.0,0.01,1,,5,0.15,336,16,16,22,768,16,3,4,8,16,0.0,8112816.0,75049392.0,286.29071,1.0,1.657817,0.959659,1.285129,1.136566,0.740832,1.066111,0.939093,1.657817,2.201782,0.0,0.718724,1.7653,False,increasing,True,6.0,,,,,,,,286.29071,0.0,0.0,,914.887292,15.248122,152.48,79.02,80.29,early_stopped,/raid/tin_trungchau/tmp/centralized_20260403_192637,,GREECE,
centralized_20260403_194208,20260403_194208,2021.0,gpt4ts_linear,lora,True,centralized,432,0.0005,1,25,6.0,32,10.0,0.01,1,,5,0.15,336,16,16,22,768,16,3,4,8,16,0.0,8112816.0,75049392.0,286.29071,1.0,1.770844,0.996416,1.329747,1.276636,0.761094,1.126052,0.942725,1.770844,1.994155,0.0,0.828119,1.8784,False,increasing,True,6.0,,,,,,,,286.29071,0.0,0.0,,908.682999,15.144717,151.45,78.38,79.35,early_stopped,/raid/tin_trungchau/tmp/centralized_20260403_194208,,GREECE,
centralized_20260403_195732,20260403_195732,2021.0,gpt4ts_linear,fft,True,centralized,1,0.0005,1,25,12.0,32,5.0,0.01,1,,5,0.15,336,16,16,22,768,16,3,4,8,16,0.0,67766785.0,67766785.0,258.509769,7.0,0.025059,0.10987,0.157317,0.026065,0.111001,0.160311,0.02728,0.031957,0.037438,21.59,-0.002221,0.9186,True,increasing,True,12.0,,,,,,,,258.509769,0.0,0.0,4.22,2545.124598,42.418743,212.09,179.32,192.48,early_stopped,/raid/tin_trungchau/tmp/centralized_20260403_195732,,CAPITALS,
centralized_20260403_204013,20260403_204013,2021.0,gpt4ts_linear,peft,True,centralized,1,0.0005,1,25,8.0,32,5.0,0.01,1,,5,0.15,336,16,16,22,768,16,3,4,8,16,0.0,830209.0,67766785.0,258.509769,3.0,0.025371,0.10668,0.158214,0.026318,0.108223,0.160982,0.031415,0.0307,0.034727,17.36,-0.006044,0.8076,True,increasing,True,8.0,,,,,,,,258.509769,0.0,0.0,1.69,1233.286215,20.55477,154.16,121.44,123.96,early_stopped,/raid/tin_trungchau/tmp/centralized_20260403_204013,,CAPITALS,
centralized_20260403_210102,20260403_210102,2021.0,gpt4ts_linear,adalora,True,centralized,1,0.0005,1,25,10.0,32,5.0,0.01,1,,5,0.15,336,16,16,22,768,16,3,4,8,16,0.0,830209.0,67766785.0,258.509769,5.0,0.026169,0.111542,0.160761,0.027358,0.113366,0.164298,0.028994,0.030605,0.03411,14.49,-0.002825,0.9026,True,decreasing,True,10.0,,,,,,,,258.509769,0.0,0.0,4.22,1542.299168,25.704986,154.23,121.27,123.26,early_stopped,/raid/tin_trungchau/tmp/centralized_20260403_210102,,CAPITALS,
centralized_20260403_212701,20260403_212701,2021.0,gpt4ts_linear,lora,True,centralized,1,0.0005,1,25,11.0,32,5.0,0.01,1,,5,0.15,336,16,16,22,768,16,3,4,8,16,0.0,830209.0,67766785.0,258.509769,6.0,0.027479,0.11433,0.164819,0.028476,0.11562,0.167683,0.02831,0.03182,0.030147,13.64,-0.000831,0.9706,True,decreasing,True,11.0,,,,,,,,258.509769,0.0,0.0,4.65,1849.962872,30.832715,168.18,133.88,138.08,early_stopped,/raid/tin_trungchau/tmp/centralized_20260403_212701,,CAPITALS,
centralized_20260403_215807,20260403_215807,2021.0,gpt4ts_linear,fft,True,centralized,72,0.0005,1,25,6.0,32,5.0,0.01,1,,5,0.15,336,16,16,22,768,16,3,4,8,16,0.0,68966472.0,68966472.0,263.086212,1.0,0.83198,0.697997,0.911651,0.856662,0.703051,0.925137,0.872427,0.83198,0.965853,0.0,-0.040447,0.9536,False,increasing,True,6.0,,,,,,,,263.086212,0.0,0.0,,1462.694834,24.378247,243.78,192.73,194.26,early_stopped,/raid/tin_trungchau/tmp/centralized_20260403_215807,,CAPITALS,
centralized_20260403_222246,20260403_222246,2021.0,gpt4ts_linear,peft,True,centralized,72,0.0005,1,25,8.0,32,5.0,0.01,1,,5,0.15,336,16,16,22,768,16,3,4,8,16,0.0,2029896.0,68966472.0,263.086212,3.0,0.829366,0.694853,0.910146,0.853666,0.699075,0.923526,0.85336,0.836992,0.840204,0.91,-0.023994,0.9719,False,increasing,True,8.0,,,,,,,,263.086212,0.0,0.0,8.63,1388.967391,23.149457,173.62,125.01,134.07,early_stopped,/raid/tin_trungchau/tmp/centralized_20260403_222246,,CAPITALS,
centralized_20260403_224611,20260403_224611,2021.0,gpt4ts_linear,adalora,True,centralized,72,0.0005,1,25,9.0,32,5.0,0.01,1,,5,0.15,336,16,16,22,768,16,3,4,8,16,0.0,2029896.0,68966472.0,263.086212,4.0,0.828692,0.69581,0.909871,0.852272,0.701215,0.922785,0.848637,0.840006,0.835964,1.35,-0.019945,0.9765,False,decreasing,True,9.0,,,,,,,,263.086212,0.0,0.0,8.85,1659.939459,27.665658,184.44,134.81,137.41,early_stopped,/raid/tin_trungchau/tmp/centralized_20260403_224611,,CAPITALS,
centralized_20260403_231408,20260403_231408,2021.0,gpt4ts_linear,lora,True,centralized,72,0.0005,1,25,8.0,32,5.0,0.01,1,,5,0.15,336,16,16,22,768,16,3,4,8,16,0.0,2029896.0,68966472.0,263.086212,3.0,0.830927,0.697058,0.911028,0.855232,0.701925,0.924377,0.853505,0.839471,0.835437,1.02,-0.022578,0.9735,False,increasing,True,8.0,,,,,,,,263.086212,0.0,0.0,4.25,1366.057652,22.767628,170.76,122.68,125.43,early_stopped,/raid/tin_trungchau/tmp/centralized_20260403_231408,,CAPITALS,
centralized_20260403_233710,20260403_233710,2021.0,gpt4ts_linear,fft,True,centralized,432,0.0005,1,25,6.0,32,5.0,0.01,1,,5,0.15,336,16,16,22,768,16,3,4,8,16,0.0,75049392.0,75049392.0,286.29071,1.0,1.044753,0.794265,1.021063,1.040347,0.783233,1.018561,0.994711,1.044753,1.241613,0.0,0.050042,1.0503,False,increasing,True,6.0,,,,,,,,286.29071,0.0,0.0,,1845.335521,30.755592,307.55,186.23,186.76,early_stopped,/raid/tin_trungchau/tmp/centralized_20260403_233710,,CAPITALS,
centralized_20260404_000811,20260404_000811,2021.0,gpt4ts_linear,peft,True,centralized,432,0.0005,1,25,6.0,32,5.0,0.01,1,,5,0.15,336,16,16,22,768,16,3,4,8,16,0.0,8112816.0,75049392.0,286.29071,1.0,1.039809,0.789875,1.018709,1.029576,0.775872,1.013262,1.002298,1.039809,1.040596,0.0,0.037511,1.0374,False,decreasing,True,6.0,,,,,,,,286.29071,0.0,0.0,,1594.900642,26.581677,265.82,138.7,144.01,early_stopped,/raid/tin_trungchau/tmp/centralized_20260404_000811,,CAPITALS,
centralized_20260404_003502,20260404_003502,2021.0,gpt4ts_linear,adalora,True,centralized,432,0.0005,1,25,6.0,32,5.0,0.01,1,,5,0.15,336,16,16,22,768,16,3,4,8,16,0.0,8112816.0,75049392.0,286.29071,1.0,1.041757,0.790357,1.019649,1.029291,0.775316,1.013131,1.0028,1.041757,1.047,0.0,0.038957,1.0388,False,decreasing,True,6.0,,,,,,,,286.29071,0.0,0.0,,1609.067637,26.817794,268.18,140.74,143.99,early_stopped,/raid/tin_trungchau/tmp/centralized_20260404_003502,,CAPITALS,
centralized_20260404_010206,20260404_010206,2021.0,gpt4ts_linear,lora,True,centralized,432,0.0005,1,25,7.0,32,5.0,0.01,1,,5,0.15,336,16,16,22,768,16,3,4,8,16,0.0,8112816.0,75049392.0,286.29071,2.0,1.03367,0.788352,1.0158,1.027227,0.777062,1.012167,0.989797,1.036359,1.04191,0.26,0.043873,1.0443,False,increasing,True,7.0,,,,,,,,286.29071,0.0,0.0,,1752.814093,29.213568,250.4,128.92,129.47,early_stopped,/raid/tin_trungchau/tmp/centralized_20260404_010206,,CAPITALS,
centralized_web_oqg2emxh,,2021.0,bert_nonlinear,,,centralized,1,0.0001,1,10,10.0,32,5.0,0.01,3,,5,0.15,336,16,16,22,768,16,3,4,8,16,0.15,499489.0,121636129.0,464.005009,7.0,0.079357,0.205364,0.278922,0.079416,0.200365,0.277046,0.074709,0.082707,0.082771,4.05,0.004648,1.0622,False,increasing,False,,,,,,,,,464.005009,0.0,0.0,13.03,6388.355166,106.472586,638.83,537.5,690.59,completed,/raid/tin_trungchau/tmp/centralized_web_oqg2emxh,,vnmet,
